Ind	Score
1	-0.357894736842105
2	-0.393684210526316
3	-0.429473684210526
4	-0.465263157894737
5	-0.416
6	-0.366736842105263
7	-0.317473684210526
8	-0.268210526315789
9	-0.218947368421053
10	-0.169789473684211
11	-0.084842105263158
12	0.00347368421052619
13	0.0917894736842104
14	0.180105263157895
15	0.268421052631579
16	0.356736842105263
17	0.445052631578947
18	0.533368421052631
19	0.621684210526316
20	0.71
21	0.798315789473684
22	0.886631578947368
23	0.974947368421052
24	0.978210526315789
25	0.981473684210526
26	0.984736842105263
27	0.988
28	0.991263157894737
29	0.994631578947368
30	0.998
31	0.998
32	0.998
33	0.998105263157894
34	0.998210526315789
35	0.998315789473684
36	0.998421052631579
37	0.998526315789473
38	0.998631578947368
39	0.998736842105263
40	0.998842105263158
41	0.998947368421052
42	0.999052631578947
43	0.999157894736842
44	0.999263157894737
45	0.999368421052631
46	0.999473684210526
47	0.999578947368421
48	0.999684210526316
49	0.99978947368421
50	0.999894736842105
51	1
52	1
53	0.997473684210526
54	0.994947368421053
55	0.983578947368421
56	0.966315789473684
57	0.949052631578947
58	0.930947368421053
59	0.912842105263158
60	0.894736842105263
61	0.876631578947368
62	0.858526315789474
63	0.840421052631579
64	0.822315789473684
65	0.804210526315789
66	0.781052631578947
67	0.757894736842105
68	0.734736842105263
69	0.711578947368421
70	0.688421052631579
71	0.664421052631579
72	0.642947368421053
73	0.621473684210526
74	0.605473684210526
75	0.591157894736842
76	0.579368421052632
77	0.568421052631579
78	0.566315789473684
79	0.570105263157895
80	0.573894736842105
81	0.576842105263158
82	0.57978947368421
83	0.582736842105263
84	0.585684210526316
85	0.593684210526316
86	0.600842105263158
87	0.608
88	0.614315789473684
89	0.625684210526316
90	0.637894736842105
91	0.650105263157895
92	0.662315789473684
93	0.677052631578947
94	0.64
95	0.600421052631579
96	0.560842105263158
97	0.515789473684211
98	0.469052631578948
99	0.422315789473684
100	0.376421052631579
101	0.330526315789474
102	0.284631578947369
103	0.238736842105263
104	0.194526315789474
105	0.151157894736842
106	0.114526315789474
107	0.0787368421052633
108	0.0378947368421054
109	-0.00294736842105254
110	-0.0437894736842104
111	-0.0846315789473683
112	-0.124631578947368
113	-0.108631578947368
114	-0.0926315789473683
