Ind	Score
1	-0.343578947368421
2	-0.383578947368421
3	-0.423578947368421
4	-0.463578947368421
5	-0.514105263157895
6	-0.59621052631579
7	-0.703578947368421
8	-0.787368421052632
9	-0.875368421052632
10	-0.980210526315789
11	-1.09726315789474
12	-1.17726315789474
13	-1.25726315789474
14	-1.32463157894737
15	-1.37263157894737
16	-1.38863157894737
17	-1.40463157894737
18	-1.41473684210526
19	-1.42315789473684
20	-1.43157894736842
21	-1.44
22	-1.44842105263158
23	-1.45684210526316
24	-1.45473684210526
25	-1.42105263157895
26	-1.36210526315789
27	-1.32673684210526
28	-1.27663157894737
29	-1.17810526315789
30	-1.04168421052632
31	-0.910315789473684
32	-0.774736842105263
33	-0.629052631578948
34	-0.488421052631579
35	-0.379789473684211
36	-0.271157894736842
37	-0.168421052631579
38	-0.0673684210526316
39	0.0336842105263158
40	0.134736842105263
41	0.235789473684211
42	0.336842105263158
43	0.437894736842105
44	0.538947368421053
45	0.64
46	0.741052631578947
47	0.831578947368421
48	0.890526315789474
49	0.924210526315789
50	0.957894736842105
51	0.987368421052632
52	1
53	1
54	1
55	1
56	1
57	1
58	1
59	1
60	0.995789473684211
61	0.974736842105263
62	0.941052631578947
63	0.907368421052632
64	0.873684210526316
65	0.84
66	0.806315789473684
67	0.764210526315789
68	0.688421052631579
69	0.587368421052632
70	0.486315789473684
71	0.385263157894737
72	0.284210526315789
73	0.183157894736842
74	0.0821052631578947
75	-0.0189473684210526
76	-0.12
77	-0.221052631578947
78	-0.322105263157895
79	-0.418947368421053
80	-0.498947368421053
81	-0.566315789473684
82	-0.633684210526316
83	-0.696842105263158
84	-0.743157894736842
85	-0.776842105263158
86	-0.802105263157895
87	-0.793684210526316
88	-0.76
89	-0.726315789473684
90	-0.684210526315789
91	-0.608421052631579
92	-0.507368421052632
93	-0.566315789473684
94	-0.625263157894737
95	-0.684210526315789
96	-0.743157894736842
97	-0.802105263157895
98	-0.861052631578947
99	-0.92
100	-0.978947368421053
101	-1.03789473684211
102	-1.10105263157895
103	-1.18105263157895
104	-1.27368421052632
105	-1.25894736842105
106	-1.24421052631579
107	-1.22947368421053
108	-1.21473684210526
109	-1.20842105263158
110	-1.23578947368421
111	-1.28842105263158
112	-1.18105263157895
113	-1.07368421052632
