Ind	Score
1	-0.277052631578947
2	-0.304757894736842
3	-0.332463157894737
4	-0.360168421052632
5	-0.319326315789474
6	-0.27258947368421
7	-0.225852631578947
8	-0.176589473684211
9	-0.127326315789474
10	-0.0746947368421052
11	0.00564210526315789
12	0.085978947368421
13	0.166315789473684
14	0.246652631578947
15	0.326989473684211
16	0.407326315789474
17	0.487663157894737
18	0.568
19	0.64538947368421
20	0.722778947368421
21	0.800168421052632
22	0.877557894736842
23	0.954947368421053
24	0.963789473684211
25	0.966736842105263
26	0.969684210526316
27	0.968421052631579
28	0.967157894736842
29	0.962526315789474
30	0.957894736842105
31	0.950736842105263
32	0.928
33	0.803157894736842
34	0.678315789473684
35	0.553473684210526
36	0.428631578947368
37	0.303789473684211
38	0.181894736842105
39	0.0600000000000001
40	-0.0618947368421052
41	-0.18378947368421
42	-0.302736842105263
43	-0.421684210526316
44	-0.540631578947368
45	-0.590315789473684
46	-0.638315789473684
47	-0.686315789473684
48	-0.734315789473684
49	-0.782315789473684
50	-0.827789473684211
51	-0.857684210526316
52	-0.785473684210527
53	-0.713263157894737
