Ind	Score
1	-0.0477894736842106
2	-0.054421052631579
3	-0.0610526315789474
4	-0.0676842105263158
5	-0.0294736842105264
6	0.0122105263157894
7	0.0550526315789473
8	0.095578947368421
9	0.134947368421053
10	0.172
11	0.211052631578947
12	0.250631578947368
13	0.292526315789474
14	0.336736842105263
15	0.37978947368421
16	0.424
17	0.469368421052631
18	0.518210526315789
19	0.567052631578947
20	0.617052631578947
21	0.667052631578947
22	0.717052631578947
23	0.767052631578947
24	0.77221052631579
25	0.773894736842105
26	0.774421052631579
27	0.777263157894737
28	0.781263157894737
29	0.788736842105263
30	0.795052631578947
31	0.803157894736842
32	0.811263157894736
33	0.822842105263158
34	0.835578947368421
35	0.848315789473684
36	0.859894736842105
37	0.869157894736842
38	0.876315789473684
39	0.882315789473684
40	0.888315789473684
41	0.894315789473684
42	0.900315789473684
43	0.904631578947368
44	0.908947368421053
45	0.913263157894737
46	0.917578947368421
47	0.921894736842105
48	0.925052631578947
49	0.928210526315789
50	0.929052631578947
51	0.928736842105263
52	0.926105263157894
53	0.92178947368421
54	0.91578947368421
55	0.90978947368421
56	0.902631578947368
57	0.897578947368421
58	0.892526315789474
59	0.887473684210526
60	0.882421052631579
61	0.880631578947368
62	0.880526315789473
63	0.880421052631579
64	0.871263157894737
65	0.860947368421052
66	0.852315789473684
67	0.843684210526316
68	0.835052631578947
69	0.826421052631579
70	0.817789473684211
71	0.809157894736842
72	0.801052631578948
73	0.793473684210527
74	0.782631578947368
75	0.77178947368421
76	0.762631578947368
77	0.755157894736842
78	0.746526315789474
79	0.737894736842105
80	0.723684210526316
81	0.709473684210526
82	0.695263157894737
83	0.688421052631579
84	0.682736842105263
85	0.674210526315789
86	0.665684210526316
87	0.665052631578947
88	0.665578947368421
89	0.666105263157895
90	0.666631578947368
91	0.668315789473684
92	0.671157894736842
93	0.674947368421052
94	0.641894736842105
95	0.608315789473684
96	0.574210526315789
97	0.544526315789473
98	0.514842105263158
99	0.487473684210526
100	0.460105263157894
101	0.433894736842105
102	0.409368421052631
103	0.387157894736842
104	0.366105263157894
105	0.345052631578947
106	0.306631578947368
107	0.267052631578947
108	0.227473684210526
109	0.187894736842105
110	0.148315789473684
111	0.108736842105263
112	0.0714736842105262
113	0.0710526315789472
114	0.0694736842105262
