Ind	Score
1	-0.143368421052632
2	-0.159473684210526
3	-0.124526315789474
4	-0.089578947368421
5	-0.0472631578947367
6	-0.00494736842105253
7	0.0373684210526317
8	0.0811578947368422
9	0.130842105263158
10	0.180526315789474
11	0.243368421052632
12	0.306210526315789
13	0.369052631578948
14	0.431894736842105
15	0.494736842105263
16	0.560526315789474
17	0.626315789473684
18	0.695052631578948
19	0.763789473684211
20	0.831052631578947
21	0.898315789473685
22	0.914526315789474
23	0.930736842105263
24	0.939578947368421
25	0.948421052631579
26	0.957263157894737
27	0.964631578947369
28	0.966105263157895
29	0.967578947368421
30	0.969052631578948
31	0.970526315789474
32	0.970526315789474
33	0.970526315789474
34	0.970526315789474
35	0.967578947368421
36	0.964631578947369
37	0.96021052631579
38	0.95578947368421
39	0.954315789473684
40	0.952842105263158
41	0.951368421052632
42	0.949894736842106
43	0.948421052631579
44	0.946947368421053
45	0.945473684210527
46	0.944
47	0.939578947368421
48	0.935157894736842
49	0.930736842105263
50	0.926315789473684
51	0.924842105263158
52	0.923368421052631
53	0.921894736842105
54	0.923368421052631
55	0.924842105263158
56	0.926315789473684
57	0.927789473684211
58	0.927789473684211
59	0.927789473684211
60	0.926315789473685
61	0.924842105263158
62	0.923368421052632
63	0.921894736842105
64	0.920421052631579
65	0.918947368421053
66	0.923368421052631
67	0.92778947368421
68	0.931684210526316
69	0.935578947368421
70	0.938
71	0.940421052631579
72	0.942842105263158
73	0.943789473684211
74	0.943263157894737
75	0.942736842105263
76	0.94221052631579
77	0.941684210526316
78	0.941157894736842
79	0.943578947368421
80	0.944526315789474
81	0.945473684210526
82	0.946421052631579
83	0.947368421052632
84	0.948315789473685
85	0.946315789473685
86	0.944315789473685
87	0.943368421052632
88	0.940947368421053
89	0.938526315789474
90	0.931684210526316
91	0.924842105263158
92	0.918
93	0.909684210526316
94	0.898421052631579
95	0.881263157894737
96	0.814947368421053
97	0.748631578947369
98	0.680842105263158
99	0.616
100	0.551157894736842
101	0.486315789473684
102	0.421473684210526
103	0.356631578947369
104	0.291789473684211
105	0.226947368421053
106	0.177263157894737
107	0.129052631578947
108	0.080842105263158
109	0.0370526315789475
110	-0.00673684210526307
111	-0.0505263157894736
112	-0.0913684210526315
113	-0.129263157894737
114	-0.161263157894737
