Ind	Score
1	-0.174736842105263
2	-0.193684210526316
3	-0.160210526315789
4	-0.119368421052632
5	-0.0770526315789473
6	-0.0332631578947368
7	0.0105263157894738
8	0.0543157894736843
9	0.0981052631578948
10	0.141894736842105
11	0.201684210526316
12	0.267368421052632
13	0.336
14	0.404631578947369
15	0.473263157894737
16	0.541894736842105
17	0.613473684210527
18	0.685052631578947
19	0.756631578947369
20	0.82821052631579
21	0.899789473684211
22	0.918947368421053
23	0.930736842105263
24	0.941052631578948
25	0.946947368421053
26	0.952842105263158
27	0.95821052631579
28	0.963578947368421
29	0.968947368421053
30	0.971368421052632
31	0.970842105263158
32	0.968842105263158
33	0.966842105263158
34	0.963368421052632
35	0.959894736842105
36	0.954947368421052
37	0.95
38	0.945052631578947
39	0.940105263157894
40	0.935157894736842
41	0.930210526315789
42	0.925263157894737
43	0.920315789473684
44	0.921263157894737
45	0.92221052631579
46	0.92421052631579
47	0.92621052631579
48	0.92821052631579
49	0.93021052631579
50	0.93221052631579
51	0.93421052631579
52	0.936210526315789
53	0.941157894736842
54	0.946105263157895
55	0.951052631578947
56	0.956
57	0.960947368421052
58	0.965894736842105
59	0.970842105263158
60	0.975789473684211
61	0.979263157894737
62	0.98221052631579
63	0.98221052631579
64	0.981789473684211
65	0.980421052631579
66	0.979052631578948
67	0.977684210526316
68	0.976315789473684
69	0.974947368421052
70	0.973578947368421
71	0.972210526315789
72	0.969368421052631
73	0.966526315789473
74	0.963684210526316
75	0.960842105263158
76	0.958
77	0.955157894736842
78	0.952315789473684
79	0.949473684210526
80	0.949578947368421
81	0.949263157894737
82	0.948947368421052
83	0.949473684210526
84	0.947894736842105
85	0.946315789473684
86	0.943263157894737
87	0.938736842105263
88	0.931263157894737
89	0.92378947368421
90	0.913368421052631
91	0.9
92	0.885157894736842
93	0.862947368421052
94	0.83778947368421
95	0.769894736842105
96	0.702
97	0.634105263157895
98	0.56621052631579
99	0.496842105263158
100	0.429894736842105
101	0.362947368421053
102	0.295578947368421
103	0.233684210526316
104	0.171789473684211
105	0.125052631578948
106	0.0797894736842108
107	0.0374736842105266
108	-0.00484210526315759
109	-0.0442105263157892
110	-0.0806315789473682
111	-0.115578947368421
112	-0.143157894736842
113	-0.16778947368421
