Ind	Score
1	-0.181052631578947
2	-0.199157894736842
3	-0.168631578947368
4	-0.126315789473684
5	-0.0781052631578946
6	-0.0284210526315788
7	0.0212631578947369
8	0.072421052631579
9	0.123578947368421
10	0.173263157894737
11	0.241052631578947
12	0.308842105263158
13	0.370736842105263
14	0.426736842105263
15	0.482736842105263
16	0.537263157894737
17	0.590315789473684
18	0.643368421052631
19	0.696421052631579
20	0.745052631578947
21	0.79221052631579
22	0.790736842105263
23	0.774526315789474
24	0.749473684210526
25	0.721473684210526
26	0.694947368421053
27	0.666947368421053
28	0.638947368421053
29	0.612421052631579
30	0.585894736842105
31	0.559368421052632
32	0.544631578947369
33	0.54021052631579
34	0.534315789473684
35	0.490105263157895
36	0.448842105263158
37	0.407578947368421
38	0.366315789473684
39	0.333894736842105
40	0.304421052631579
41	0.274947368421053
42	0.251368421052632
43	0.233684210526316
44	0.218947368421053
45	0.195789473684211
46	0.172631578947369
47	0.149473684210527
48	0.126315789473684
49	0.103157894736842
50	0.0800000000000002
51	0.0509473684210528
52	0.0174736842105265
53	-0.0145263157894735
