Ind	Score
1	0.0471578947368421
2	0.0505263157894737
3	0.0538947368421052
4	0.0572631578947368
5	0.0888421052631578
6	0.124631578947368
7	0.162947368421053
8	0.204631578947368
9	0.250526315789474
10	0.296421052631579
11	0.338105263157895
12	0.379789473684211
13	0.422315789473684
14	0.467368421052632
15	0.512421052631579
16	0.557473684210526
17	0.603368421052632
18	0.650947368421053
19	0.698526315789474
20	0.746105263157895
21	0.793684210526316
22	0.842947368421053
23	0.892210526315789
24	0.913263157894737
25	0.930105263157895
26	0.944421052631579
27	0.955368421052632
28	0.962105263157895
29	0.968842105263158
30	0.973894736842105
31	0.978947368421053
32	0.984
33	0.986526315789474
34	0.989052631578947
35	0.991578947368421
36	0.993263157894737
37	0.994947368421053
38	0.996631578947368
39	0.998315789473684
40	1
41	1
42	1
43	1
44	1
45	1
46	1
47	1
48	1
49	1
50	1
51	1
52	1
53	1
54	1
55	1
56	1
57	1
58	1
59	1
60	1
61	1
62	1
63	1
64	1
65	1
66	1
67	1
68	1
69	1
70	1
71	1
72	1
73	1
74	1
75	1
76	1
77	1
78	1
79	1
80	1
81	0.998315789473684
82	0.994947368421053
83	0.991578947368421
84	0.988210526315789
85	0.984842105263158
86	0.980631578947368
87	0.976421052631579
88	0.972210526315789
89	0.962105263157895
90	0.951157894736842
91	0.940210526315789
92	0.927578947368421
93	0.883368421052632
94	0.839157894736842
95	0.794947368421053
96	0.750736842105263
97	0.706526315789474
98	0.662315789473684
99	0.618105263157895
100	0.575578947368421
101	0.534736842105263
102	0.493894736842105
103	0.453052631578947
104	0.413894736842105
105	0.365473684210526
106	0.317052631578947
107	0.268631578947368
108	0.226105263157895
109	0.184421052631579
110	0.142736842105263
111	0.102736842105263
112	0.0943157894736842
113	0.0858947368421053
