Ind	Score
1	-0.147157894736842
2	-0.165263157894737
3	-0.143578947368421
4	-0.117473684210526
5	-0.075157894736842
6	-0.0328421052631578
7	0.0109473684210527
8	0.0547368421052632
9	0.0985263157894738
10	0.142315789473684
11	0.201263157894737
12	0.26021052631579
13	0.322105263157895
14	0.382526315789474
15	0.442947368421053
16	0.504842105263158
17	0.566736842105263
18	0.628631578947368
19	0.696421052631579
20	0.76421052631579
21	0.832
22	0.86
23	0.883578947368421
24	0.890947368421053
25	0.898315789473685
26	0.90421052631579
27	0.910105263157895
28	0.916
29	0.921894736842105
30	0.924842105263158
31	0.927789473684211
32	0.929263157894737
33	0.933684210526316
34	0.938105263157895
35	0.944
36	0.949894736842105
37	0.955789473684211
38	0.958736842105263
39	0.961684210526316
40	0.964631578947369
41	0.967578947368421
42	0.970526315789474
43	0.973473684210526
44	0.976421052631579
45	0.979368421052632
46	0.982315789473684
47	0.985263157894737
48	0.98821052631579
49	0.991157894736842
50	0.994105263157895
51	0.997052631578948
52	0.998526315789474
53	1
54	1
55	1
56	1
57	1
58	1
59	1
60	1
61	1
62	1
63	1
64	1
65	0.998526315789474
66	0.997052631578948
67	0.995578947368421
68	0.994105263157895
69	0.991157894736842
70	0.98821052631579
71	0.985263157894737
72	0.982315789473684
73	0.979368421052632
74	0.976421052631579
75	0.973473684210526
76	0.970526315789474
77	0.967578947368421
78	0.964631578947369
79	0.961684210526316
80	0.958736842105263
81	0.955789473684211
82	0.952842105263158
83	0.949894736842106
84	0.948421052631579
85	0.941052631578948
86	0.93221052631579
87	0.918947368421053
88	0.908631578947369
89	0.898315789473684
90	0.888
91	0.873263157894737
92	0.857052631578948
93	0.833473684210526
94	0.806947368421053
95	0.739157894736842
96	0.671368421052632
97	0.603578947368421
98	0.535789473684211
99	0.468
100	0.40021052631579
101	0.332421052631579
102	0.264631578947369
103	0.198315789473684
104	0.143789473684211
105	0.101473684210526
106	0.0635789473684212
107	0.0242105263157896
108	-0.015157894736842
109	-0.0545263157894736
110	-0.0894736842105262
111	-0.122947368421053
112	-0.149052631578947
113	-0.172210526315789
