Ind	Score
1	-0.357894736842105
2	-0.393684210526316
3	-0.429473684210526
4	-0.465263157894737
5	-0.490526315789474
6	-0.514105263157895
7	-0.509052631578947
8	-0.476631578947368
9	-0.429894736842105
10	-0.377263157894737
11	-0.288842105263158
12	-0.200421052631579
13	-0.112
14	-0.0235789473684211
15	0.0648421052631578
16	0.144842105263158
17	0.216421052631579
18	0.288
19	0.359578947368421
20	0.431157894736842
21	0.502736842105263
22	0.574315789473684
23	0.645894736842105
24	0.706947368421053
25	0.766315789473684
26	0.797052631578947
27	0.800421052631579
28	0.789473684210526
29	0.772631578947368
30	0.755789473684211
31	0.699368421052632
32	0.602526315789474
33	0.109894736842105
34	-0.382736842105263
35	-0.866947368421053
36	-1.34273684210526
37	-1.81852631578947
38	-2.29431578947368
39	-2.76168421052632
40	-3.22063157894737
41	-3.67957894736842
42	-4.13852631578947
43	-4.59747368421053
44	-5.05642105263158
45	-5.09221052631579
46	-5.128
47	-5.16378947368421
48	-5.19957894736842
49	-5.23536842105263
50	-5.23157894736842
51	-5.18736842105263
52	-4.74736842105263
53	-4.30736842105263
