Ind	Score
1	0.0378947368421052
2	0.0416842105263157
3	0.039578947368421
4	0.0374736842105263
5	0.0753684210526315
6	0.114947368421053
7	0.154526315789474
8	0.194105263157895
9	0.233684210526316
10	0.273263157894737
11	0.310736842105263
12	0.348631578947368
13	0.386526315789474
14	0.427789473684211
15	0.469052631578947
16	0.510315789473684
17	0.551578947368421
18	0.592842105263158
19	0.634105263157895
20	0.675368421052631
21	0.716631578947368
22	0.76378947368421
23	0.810947368421053
24	0.818105263157895
25	0.823578947368421
26	0.834947368421053
27	0.846315789473684
28	0.857684210526316
29	0.869052631578947
30	0.878736842105263
31	0.888
32	0.897263157894737
33	0.903157894736842
34	0.909052631578947
35	0.916631578947368
36	0.924210526315789
37	0.93178947368421
38	0.939368421052631
39	0.946947368421052
40	0.954526315789473
41	0.962105263157894
42	0.969684210526316
43	0.977263157894737
44	0.984842105263158
45	0.986526315789473
46	0.988210526315789
47	0.989894736842105
48	0.991578947368421
49	0.993263157894737
50	0.994947368421053
51	0.996631578947368
52	0.998315789473684
53	1
54	1
55	1
56	1
57	1
58	1
59	0.998315789473684
60	0.996631578947368
61	0.994947368421053
62	0.993263157894737
63	0.991578947368421
64	0.989894736842105
65	0.988210526315789
66	0.986526315789473
67	0.984842105263158
68	0.978947368421052
69	0.973052631578947
70	0.965052631578947
71	0.957052631578947
72	0.949052631578947
73	0.938526315789474
74	0.928
75	0.917473684210526
76	0.906947368421052
77	0.890526315789473
78	0.87578947368421
79	0.861052631578947
80	0.846315789473684
81	0.829052631578947
82	0.813473684210526
83	0.797052631578947
84	0.780631578947368
85	0.764210526315789
86	0.74778947368421
87	0.735578947368421
88	0.723368421052631
89	0.712421052631579
90	0.699789473684211
91	0.690526315789474
92	0.682105263157895
93	0.620631578947368
94	0.559157894736842
95	0.497684210526316
96	0.444631578947369
97	0.391578947368421
98	0.338526315789474
99	0.285473684210526
100	0.240842105263158
101	0.194526315789474
102	0.149052631578947
103	0.103578947368421
104	0.0606315789473685
105	0.0261052631578948
106	-0.00842105263157887
107	-0.0429473684210526
108	-0.0766315789473684
109	-0.108631578947368
110	-0.144
111	-0.177684210526316
112	-0.158315789473684
113	-0.138947368421053
