Ind	Score
1	-0.122526315789474
2	-0.138631578947368
3	-0.117473684210526
4	-0.0845263157894737
5	-0.0486315789473684
6	-0.0112631578947368
7	0.0261052631578948
8	0.0634736842105264
9	0.102315789473684
10	0.142631578947369
11	0.192631578947369
12	0.242631578947369
13	0.292631578947369
14	0.345578947368421
15	0.398526315789474
16	0.451473684210526
17	0.505473684210526
18	0.568315789473684
19	0.631157894736842
20	0.694
21	0.756842105263158
22	0.782421052631579
23	0.796210526315789
24	0.808526315789474
25	0.819368421052631
26	0.831684210526316
27	0.846947368421053
28	0.860736842105263
29	0.873052631578947
30	0.885368421052632
31	0.897684210526316
32	0.91
33	0.920842105263158
34	0.931684210526316
35	0.942526315789474
36	0.952842105263158
37	0.958736842105263
38	0.964631578947368
39	0.970526315789474
40	0.976421052631579
41	0.982315789473684
42	0.988210526315789
43	0.992631578947368
44	0.997052631578948
45	1
46	1
47	1
48	1
49	1
50	1
51	1
52	1
53	1
54	1
55	1
56	1
57	1
58	1
59	1
60	1
61	1
62	1
63	1
64	1
65	1
66	1
67	1
68	1
69	1
70	1
71	1
72	1
73	1
74	0.998526315789474
75	0.994105263157895
76	0.989684210526316
77	0.979368421052632
78	0.966105263157895
79	0.945473684210526
80	0.923368421052632
81	0.89978947368421
82	0.873263157894737
83	0.846736842105263
84	0.820210526315789
85	0.793684210526316
86	0.765684210526316
87	0.737684210526316
88	0.706736842105263
89	0.675789473684211
90	0.640421052631579
91	0.602105263157895
92	0.563789473684211
93	0.521052631578948
94	0.476842105263158
95	0.412
96	0.358947368421053
97	0.311789473684211
98	0.279368421052632
99	0.249894736842105
100	0.223368421052632
101	0.202736842105263
102	0.182105263157895
103	0.161473684210527
104	0.140842105263158
105	0.11621052631579
106	0.0915789473684212
107	0.0698947368421054
108	0.0482105263157896
109	0.0309473684210528
110	0.0166315789473686
111	0.00231578947368436
112	-0.0061052631578946
113	-0.0101052631578946
