Ind	Score
1	-0.250105263157895
2	-0.276294736842105
3	-0.308378947368421
4	-0.340463157894737
5	-0.336884210526316
6	-0.321094736842105
7	-0.304463157894737
8	-0.286147368421053
9	-0.266989473684211
10	-0.244673684210526
11	-0.202063157894737
12	-0.141768421052632
13	-0.0747368421052632
14	-0.00770526315789477
15	0.0593263157894737
16	0.126357894736842
17	0.198652631578947
18	0.270947368421053
19	0.343242105263158
20	0.415536842105263
21	0.487831578947368
22	0.563073684210526
23	0.638315789473684
24	0.677894736842105
25	0.700842105263158
26	0.725894736842105
27	0.743368421052632
28	0.758315789473684
29	0.768421052631579
30	0.772631578947368
31	0.758315789473684
32	0.696
33	0.633684210526316
34	0.571368421052632
35	0.509052631578947
36	0.441473684210526
37	0.373894736842105
38	0.306315789473684
39	0.238736842105263
40	0.17178947368421
41	0.10778947368421
42	0.0437894736842104
43	-0.0202105263157896
44	-0.0589473684210527
45	-0.100631578947369
46	-0.136421052631579
47	-0.170526315789474
48	-0.202947368421053
49	-0.229473684210526
50	-0.255157894736842
51	-0.233684210526316
52	-0.21221052631579
