Ind	Score
1	-0.172631578947368
2	-0.195789473684211
3	-0.218947368421053
4	-0.242105263157895
5	-0.257684210526316
6	-0.273263157894737
7	-0.288842105263158
8	-0.297684210526316
9	-0.306526315789474
10	-0.315368421052632
11	-0.35578947368421
12	-0.342315789473684
13	-0.322105263157895
14	-0.301894736842105
15	-0.281684210526316
16	-0.207578947368421
17	-0.132631578947368
18	-0.0576842105263158
19	0.0172631578947368
20	0.0922105263157895
21	0.168
22	0.24378947368421
23	0.319578947368421
24	0.387789473684211
25	0.456
26	0.52421052631579
27	0.585684210526316
28	0.647157894736842
29	0.708631578947368
30	0.770105263157895
31	0.831578947368421
32	0.886315789473684
33	0.941052631578948
34	0.995789473684211
35	0.996631578947369
36	0.997473684210526
37	0.998315789473684
38	0.999157894736842
39	1
40	1
41	1
42	1
43	1
44	1
45	1
46	1
47	1
48	1
49	1
50	1
51	1
52	1
53	1
54	1
55	1
56	1
57	1
58	1
59	1
60	1
61	1
62	1
63	1
64	1
65	1
66	1
67	1
68	1
69	1
70	1
71	1
72	1
73	1
74	1
75	1
76	1
77	1
78	1
79	1
80	1
81	1
82	0.999157894736842
83	0.998315789473684
84	0.997473684210526
85	0.996631578947369
86	0.995789473684211
87	0.994947368421053
88	0.994105263157895
89	0.993263157894737
90	0.992421052631579
91	0.991578947368421
92	0.990736842105263
93	0.864421052631579
94	0.738105263157895
95	0.611789473684211
96	0.485473684210526
97	0.359157894736842
98	0.232842105263158
99	0.106526315789474
100	-0.0197894736842105
101	-0.145263157894737
102	-0.270736842105263
103	-0.39621052631579
104	-0.521684210526316
105	-0.573473684210526
106	-0.625263157894737
107	-0.677052631578947
108	-0.728842105263158
109	-0.780631578947368
110	-0.832421052631579
111	-0.884210526315789
112	-0.810526315789474
113	-0.736842105263158
