Ind	Score
1	-0.146526315789474
2	-0.161936842105263
3	-0.177347368421053
4	-0.192757894736842
5	-0.161768421052632
6	-0.129094736842105
7	-0.0905263157894737
8	-0.0469052631578947
9	-0.00193684210526316
10	0.0443789473684211
11	0.104421052631579
12	0.164463157894737
13	0.22661052631579
14	0.288336842105263
15	0.350905263157895
16	0.414315789473684
17	0.477726315789474
18	0.541136842105263
19	0.605389473684211
20	0.670484210526316
21	0.735578947368421
22	0.800673684210527
23	0.865768421052632
24	0.884463157894737
25	0.901473684210527
26	0.912589473684211
27	0.918652631578948
28	0.923368421052632
29	0.926736842105263
30	0.930105263157895
31	0.933473684210527
32	0.934736842105263
33	0.936421052631579
34	0.938105263157895
35	0.939789473684211
36	0.941473684210526
37	0.946105263157895
38	0.949894736842106
39	0.952842105263158
40	0.955789473684211
41	0.958736842105263
42	0.961684210526316
43	0.964631578947369
44	0.967578947368421
45	0.970526315789474
46	0.973473684210526
47	0.976421052631579
48	0.979368421052632
49	0.982315789473684
50	0.985263157894737
51	0.98821052631579
52	0.991157894736842
53	0.994105263157895
54	0.997052631578948
55	1
56	1
57	1
58	1
59	1
60	1
61	1
62	1
63	1
64	1
65	1
66	0.984421052631579
67	0.968
68	0.951578947368421
69	0.935157894736842
70	0.917894736842105
71	0.900631578947368
72	0.883368421052632
73	0.866105263157895
74	0.845894736842105
75	0.825684210526316
76	0.805473684210526
77	0.785263157894737
78	0.765052631578947
79	0.744842105263158
80	0.724631578947368
81	0.704421052631579
82	0.68421052631579
83	0.664
84	0.643789473684211
85	0.636
86	0.629052631578948
87	0.622105263157895
88	0.614315789473684
89	0.622947368421053
90	0.629473684210526
91	0.636
92	0.642526315789474
93	0.574105263157895
94	0.505684210526316
95	0.437263157894737
96	0.368842105263158
97	0.303368421052632
98	0.237894736842105
99	0.172421052631579
100	0.106947368421053
101	0.0414736842105264
102	-0.0239999999999999
103	-0.0894736842105262
104	-0.151789473684211
105	-0.181052631578947
106	-0.210315789473684
107	-0.238736842105263
108	-0.282736842105263
109	-0.324631578947368
110	-0.366526315789474
111	-0.408421052631579
112	-0.372421052631579
113	-0.336421052631579
