Ind	Score
1	-0.362947368421053
2	-0.400084210526316
3	-0.437221052631579
4	-0.474357894736842
5	-0.45541052631579
6	-0.430989473684211
7	-0.405726315789474
8	-0.380463157894737
9	-0.348042105263158
10	-0.315621052631579
11	-0.246905263157895
12	-0.179031578947369
13	-0.105263157894737
14	-0.0230736842105263
15	0.0591157894736842
16	0.141305263157895
17	0.223494736842105
18	0.305684210526316
19	0.387873684210526
20	0.470063157894737
21	0.553094736842105
22	0.636126315789474
23	0.719157894736842
24	0.746105263157895
25	0.768421052631579
26	0.789894736842105
27	0.811368421052632
28	0.825684210526316
29	0.819368421052632
30	0.792421052631579
31	0.76021052631579
32	0.678947368421053
33	0.589263157894737
34	0.499578947368421
35	0.410736842105263
36	0.321894736842105
37	0.236421052631579
38	0.150947368421053
39	0.0654736842105263
40	-0.0200000000000001
41	-0.105473684210526
42	-0.190947368421053
43	-0.276421052631579
44	-0.323157894736842
45	-0.369894736842105
46	-0.416631578947369
47	-0.463368421052632
48	-0.489473684210527
49	-0.494947368421053
50	-0.494315789473684
51	-0.450526315789474
52	-0.406736842105263
