Ind	Score
1	-0.176
2	-0.200042105263158
3	-0.224084210526316
4	-0.248126315789474
5	-0.231705263157895
6	-0.215284210526316
7	-0.199284210526316
8	-0.182442105263158
9	-0.1656
10	-0.148757894736842
11	-0.123452631578947
12	-0.0952
13	-0.0526315789473684
14	-0.00711578947368417
15	0.0476631578947369
16	0.105810526315789
17	0.1648
18	0.226736842105263
19	0.297094736842105
20	0.367873684210527
21	0.439494736842105
22	0.511115789473684
23	0.582736842105263
24	0.613894736842105
25	0.645052631578948
26	0.676631578947369
27	0.707368421052632
28	0.738105263157895
29	0.768
30	0.790736842105263
31	0.804631578947368
32	0.750947368421053
33	0.697263157894737
34	0.642736842105263
35	0.588210526315789
36	0.533684210526316
37	0.47621052631579
38	0.410315789473684
39	0.344
40	0.276842105263158
41	0.209684210526316
42	0.142526315789474
43	0.0783157894736843
44	0.0307368421052632
45	-0.0168421052631578
46	-0.0644210526315788
47	-0.112
48	-0.158736842105263
49	-0.198315789473684
50	-0.232
51	-0.212421052631579
52	-0.192842105263158
