Ind	Score
1	0.11578947368421
2	0.121263157894737
3	0.126736842105263
4	0.132210526315789
5	0.156421052631579
6	0.180631578947368
7	0.210736842105263
8	0.24378947368421
9	0.276842105263158
10	0.309894736842105
11	0.321052631578947
12	0.342736842105263
13	0.364421052631579
14	0.382526315789474
15	0.400842105263158
16	0.420631578947368
17	0.42
18	0.416421052631579
19	0.413684210526316
20	0.411578947368421
21	0.412842105263158
22	0.413263157894737
23	0.413684210526316
24	0.395368421052632
25	0.379578947368421
26	0.357894736842105
27	0.333263157894737
28	0.309473684210526
29	0.285684210526316
30	0.261894736842105
31	0.236631578947368
32	0.211368421052631
33	0.189684210526316
34	0.168631578947368
35	0.146736842105263
36	0.148631578947368
37	0.157894736842105
38	0.166947368421052
39	0.183578947368421
40	0.223157894736842
41	0.266526315789474
42	0.309894736842105
43	0.353263157894737
44	0.396631578947368
45	0.440842105263158
46	0.483368421052632
47	0.525052631578947
48	0.566736842105263
49	0.608421052631579
50	0.650105263157895
51	0.69178947368421
52	0.733473684210526
53	0.775157894736842
54	0.816842105263158
55	0.858526315789474
56	0.89578947368421
57	0.932421052631579
58	0.960842105263158
59	0.965473684210526
60	0.967157894736842
61	0.968842105263158
62	0.970526315789473
63	0.967578947368421
64	0.961684210526315
65	0.957473684210526
66	0.953263157894737
67	0.949052631578947
68	0.944842105263157
69	0.942315789473684
70	0.93978947368421
71	0.937263157894737
72	0.934736842105263
73	0.932210526315789
74	0.929684210526316
75	0.927157894736842
76	0.924631578947368
77	0.922105263157895
78	0.919578947368421
79	0.917052631578947
80	0.908210526315789
81	0.897263157894737
82	0.888421052631579
83	0.88
84	0.871578947368421
85	0.863157894736842
86	0.856842105263158
87	0.852631578947368
88	0.846736842105263
89	0.840842105263158
90	0.834947368421053
91	0.829052631578947
92	0.823157894736842
93	0.817263157894737
94	0.693052631578947
95	0.568842105263158
96	0.444631578947368
97	0.320421052631579
98	0.196210526315789
99	0.0783157894736843
100	-0.0374736842105263
101	-0.153263157894737
102	-0.267368421052632
103	-0.375157894736842
104	-0.480842105263158
105	-0.588631578947369
106	-0.631157894736842
107	-0.673684210526316
108	-0.71621052631579
109	-0.758736842105263
110	-0.801263157894737
111	-0.843789473684211
112	-0.886315789473684
113	-0.810526315789474
114	-0.734736842105263
