Ind	Score
1	-0.220210526315789
2	-0.243368421052631
3	-0.230631578947368
4	-0.214947368421052
5	-0.190421052631579
6	-0.161473684210526
7	-0.129578947368421
8	-0.0947368421052629
9	-0.0569473684210524
10	-0.00831578947368398
11	0.0624210526315792
12	0.133157894736842
13	0.206842105263158
14	0.280526315789474
15	0.35421052631579
16	0.427894736842105
17	0.501578947368421
18	0.575263157894737
19	0.651052631578948
20	0.726842105263158
21	0.802631578947368
22	0.842526315789474
23	0.879473684210526
24	0.907578947368421
25	0.931263157894737
26	0.952
27	0.969789473684211
28	0.983157894736842
29	0.985684210526316
30	0.986736842105263
31	0.978947368421053
32	0.969684210526316
33	0.960421052631579
34	0.922526315789474
35	0.847789473684211
36	0.773052631578947
37	0.698315789473684
38	0.622526315789474
39	0.546736842105263
40	0.470947368421053
41	0.395157894736842
42	0.319368421052632
43	0.243578947368421
44	0.167789473684211
45	0.115157894736842
46	0.0625263157894737
47	0.0113684210526316
48	-0.0397894736842105
49	-0.0909473684210526
50	-0.133263157894737
51	-0.175578947368421
52	-0.217894736842105
53	-0.231578947368421
