Ind	Score
1	-0.0553684210526316
2	-0.0694736842105264
3	-0.0835789473684211
4	-0.0976842105263159
5	-0.0836842105263159
6	-0.0696842105263159
7	-0.0533684210526317
8	-0.0370526315789475
9	-0.0174736842105264
10	0.00557894736842097
11	0.0293684210526315
12	0.0543157894736841
13	0.0896842105263157
14	0.132
15	0.174315789473684
16	0.218842105263158
17	0.263368421052631
18	0.313263157894737
19	0.368947368421053
20	0.425684210526316
21	0.482421052631579
22	0.543368421052632
23	0.608947368421053
24	0.643157894736842
25	0.677368421052631
26	0.709263157894737
27	0.741157894736842
28	0.767684210526316
29	0.790736842105263
30	0.81378947368421
31	0.836842105263157
32	0.849473684210526
33	0.856315789473684
34	0.863157894736842
35	0.868842105263158
36	0.874526315789473
37	0.879052631578947
38	0.881473684210526
39	0.876526315789473
40	0.867368421052631
41	0.854
42	0.836
43	0.821263157894737
44	0.806526315789474
45	0.790105263157895
46	0.773157894736842
47	0.761578947368421
48	0.75
49	0.738421052631579
50	0.724736842105263
51	0.713157894736842
52	0.701578947368421
53	0.69
54	0.678421052631579
55	0.662210526315789
56	0.646
57	0.630736842105263
58	0.62178947368421
59	0.617052631578947
60	0.612315789473684
61	0.609684210526316
62	0.613368421052632
63	0.621263157894737
64	0.626631578947368
65	0.632526315789474
66	0.635157894736842
67	0.636631578947368
68	0.63978947368421
69	0.646736842105263
70	0.651578947368421
71	0.656421052631579
72	0.661263157894737
73	0.666105263157895
74	0.671157894736842
75	0.676210526315789
76	0.680210526315789
77	0.68
78	0.684421052631579
79	0.687684210526316
80	0.686736842105263
81	0.679473684210526
82	0.668
83	0.660736842105263
84	0.653473684210526
85	0.646210526315789
86	0.636631578947368
87	0.629578947368421
88	0.620842105263158
89	0.60978947368421
90	0.597578947368421
91	0.582105263157894
92	0.548105263157895
93	0.499052631578947
94	0.45
95	0.403157894736842
96	0.362631578947368
97	0.321894736842105
98	0.282315789473684
99	0.247052631578947
100	0.216
101	0.184947368421052
102	0.155052631578947
103	0.128421052631579
104	0.10178947368421
105	0.0753684210526314
106	0.044736842105263
107	0.0141052631578946
108	-0.0142105263157896
109	-0.0413684210526317
110	-0.0652631578947369
111	-0.0706315789473685
112	-0.0565263157894738
113	-0.042421052631579
