Ind	Score
1	-0.201052631578947
2	-0.224
3	-0.182526315789474
4	-0.139578947368421
5	-0.095157894736842
6	-0.0477894736842104
7	-0.000421052631578789
8	0.0484210526315791
9	0.097263157894737
10	0.146105263157895
11	0.214105263157895
12	0.282105263157895
13	0.350105263157895
14	0.418105263157895
15	0.486105263157895
16	0.554105263157895
17	0.625894736842106
18	0.697684210526316
19	0.769473684210527
20	0.845052631578948
21	0.920631578947368
22	0.931789473684211
23	0.941473684210526
24	0.949684210526316
25	0.954947368421053
26	0.960210526315789
27	0.964
28	0.96778947368421
29	0.971578947368421
30	0.975368421052631
31	0.978631578947368
32	0.981894736842105
33	0.985157894736842
34	0.988421052631579
35	0.991684210526316
36	0.993052631578947
37	0.994421052631579
38	0.995789473684211
39	0.995263157894737
40	0.994736842105263
41	0.994210526315789
42	0.993684210526316
43	0.993157894736842
44	0.992631578947368
45	0.992105263157895
46	0.991578947368421
47	0.991052631578947
48	0.990526315789474
49	0.99
50	0.990526315789474
51	0.991052631578947
52	0.991578947368421
53	0.992105263157895
54	0.992631578947368
55	0.993157894736842
56	0.993684210526316
57	0.994210526315789
58	0.994736842105263
59	0.995263157894737
60	0.995789473684211
61	0.996315789473684
62	0.996842105263158
63	0.997368421052632
64	0.997894736842105
65	0.998421052631579
66	0.998947368421053
67	0.999473684210526
68	1
69	1
70	1
71	1
72	1
73	1
74	1
75	1
76	1
77	1
78	1
79	1
80	1
81	1
82	1
83	1
84	0.998526315789474
85	0.997052631578948
86	0.995578947368421
87	0.992631578947369
88	0.989684210526316
89	0.986736842105263
90	0.983789473684211
91	0.979368421052632
92	0.974947368421053
93	0.969052631578947
94	0.957263157894737
95	0.929684210526316
96	0.854947368421053
97	0.780210526315789
98	0.705473684210526
99	0.630736842105263
100	0.556
101	0.481263157894737
102	0.406526315789474
103	0.334736842105263
104	0.262947368421053
105	0.191157894736842
106	0.141473684210526
107	0.0917894736842106
108	0.0421052631578948
109	-0.00757894736842097
110	-0.0557894736842104
111	-0.104
112	-0.150736842105263
113	-0.191578947368421
114	-0.216631578947368
