Ind	Score
1	-0.210526315789474
2	-0.231578947368421
3	-0.252631578947368
4	-0.273684210526316
5	-0.278736842105263
6	-0.282105263157895
7	-0.285473684210526
8	-0.287157894736842
9	-0.288842105263158
10	-0.287368421052632
11	-0.213684210526316
12	-0.14
13	-0.0663157894736843
14	0.00736842105263142
15	0.0810526315789472
16	0.154736842105263
17	0.228421052631579
18	0.302105263157895
19	0.37578947368421
20	0.449473684210526
21	0.523157894736842
22	0.596842105263158
23	0.670526315789474
24	0.728210526315789
25	0.784210526315789
26	0.840210526315789
27	0.894526315789474
28	0.948842105263158
29	1
30	1
31	1
32	1
33	1
34	1
35	1
36	1
37	1
38	1
39	1
40	1
41	1
42	1
43	0.964421052631579
44	0.928842105263158
45	0.893263157894737
46	0.857684210526316
47	0.822105263157895
48	0.77978947368421
49	0.737473684210526
50	0.695157894736842
51	0.652842105263158
52	0.610526315789474
53	0.56378947368421
54	0.517052631578947
55	0.470315789473684
56	0.423578947368421
57	0.376842105263158
58	0.330105263157895
59	0.283368421052631
60	0.236631578947368
61	0.189894736842105
62	0.178736842105263
63	0.167578947368421
64	0.156421052631579
65	0.145263157894737
66	0.169684210526316
67	0.200842105263158
68	0.232
69	0.263157894736842
70	0.294315789473684
71	0.33221052631579
72	0.374526315789474
73	0.416842105263158
74	0.459157894736842
75	0.501473684210527
76	0.54821052631579
77	0.594947368421053
78	0.641684210526316
79	0.688421052631579
80	0.735157894736842
81	0.781894736842105
82	0.828631578947368
83	0.875368421052631
84	0.922105263157895
85	0.933263157894737
86	0.944421052631579
87	0.955578947368421
88	0.966736842105263
89	0.977894736842105
90	0.982315789473684
91	0.986736842105263
92	0.991157894736842
93	0.982105263157895
94	0.973052631578947
95	0.959578947368421
96	0.946105263157895
97	0.932631578947369
98	0.919157894736842
99	0.905684210526316
100	0.89221052631579
101	0.878736842105263
102	0.865263157894737
103	0.851789473684211
104	0.838315789473684
105	0.785684210526316
106	0.733052631578947
107	0.680421052631579
108	0.62778947368421
109	0.575157894736842
110	0.522526315789474
111	0.469894736842105
112	0.430736842105263
113	0.391578947368421
