Ind	Score
1	-0.0856842105263158
2	-0.106631578947368
3	-0.0888421052631579
4	-0.0681052631578947
5	-0.0429473684210526
6	-0.0177894736842105
7	0.00884210526315796
8	0.0373684210526317
9	0.0678947368421053
10	0.098421052631579
11	0.130736842105263
12	0.163052631578947
13	0.193894736842105
14	0.236
15	0.278105263157895
16	0.323157894736842
17	0.374105263157895
18	0.436842105263158
19	0.499578947368421
20	0.571157894736842
21	0.642736842105263
22	0.675578947368421
23	0.705473684210526
24	0.730947368421053
25	0.756421052631579
26	0.780421052631579
27	0.802526315789474
28	0.822631578947368
29	0.842736842105263
30	0.861368421052632
31	0.88
32	0.901578947368421
33	0.918315789473684
34	0.935052631578947
35	0.950315789473684
36	0.962631578947369
37	0.969052631578947
38	0.975473684210526
39	0.977473684210526
40	0.979473684210526
41	0.981473684210526
42	0.983473684210526
43	0.985473684210527
44	0.987473684210526
45	0.989473684210526
46	0.991473684210527
47	0.993473684210526
48	0.995473684210526
49	0.996947368421053
50	0.998421052631579
51	0.998421052631579
52	0.997894736842105
53	0.997368421052632
54	0.996842105263158
55	0.996315789473684
56	0.995789473684211
57	0.995263157894737
58	0.994736842105263
59	0.994210526315789
60	0.993684210526316
61	0.993157894736842
62	0.992631578947368
63	0.992105263157895
64	0.991578947368421
65	0.989578947368421
66	0.985684210526316
67	0.981368421052632
68	0.978105263157895
69	0.971894736842105
70	0.965684210526316
71	0.956526315789474
72	0.947368421052632
73	0.936736842105263
74	0.926105263157895
75	0.915473684210526
76	0.903368421052632
77	0.891263157894737
78	0.879157894736842
79	0.864105263157895
80	0.849052631578948
81	0.834
82	0.814526315789474
83	0.795052631578948
84	0.778526315789474
85	0.765789473684211
86	0.753894736842106
87	0.735578947368421
88	0.723157894736842
89	0.709263157894737
90	0.695368421052632
91	0.660842105263158
92	0.626315789473684
93	0.588842105263158
94	0.546947368421053
95	0.497684210526316
96	0.448421052631579
97	0.399157894736842
98	0.355789473684211
99	0.312421052631579
100	0.269052631578947
101	0.234526315789474
102	0.2
103	0.164
104	0.126105263157895
105	0.0896842105263159
106	0.0591578947368422
107	0.0256842105263158
108	-0.00631578947368416
109	-0.0353684210526315
110	-0.0437894736842105
111	-0.0507368421052631
112	-0.0547368421052631
113	-0.0543157894736842
