Ind	Score
1	-1.11578947368421
2	-1.22736842105263
3	-1.33894736842105
4	-1.45052631578947
5	-1.51831578947368
6	-1.56926315789474
7	-1.60968421052632
8	-1.63663157894737
9	-1.65684210526316
10	-1.66652631578947
11	-1.56042105263158
12	-1.4501052631579
13	-1.31242105263158
14	-1.14821052631579
15	-0.992421052631579
16	-0.866105263157895
17	-0.760842105263158
18	-0.655578947368421
19	-0.554526315789474
20	-0.457684210526316
21	-0.360842105263158
22	-0.264
23	-0.167157894736842
24	-0.114105263157895
25	-0.0778947368421053
26	-0.0522105263157895
27	-0.04
28	-0.0345263157894737
29	-0.0395789473684211
30	-0.0488421052631579
31	-0.0623157894736842
32	-0.103157894736842
33	-0.170526315789474
34	-0.229473684210526
35	-0.258947368421053
36	-0.267368421052632
37	-0.275789473684211
38	-0.271578947368421
39	-0.233684210526316
40	-0.174736842105263
41	-0.115789473684211
42	-0.0526315789473684
43	0.0147368421052632
44	0.0821052631578947
45	0.149473684210526
46	0.216842105263158
47	0.284210526315789
48	0.351578947368421
49	0.417263157894737
50	0.482947368421053
51	0.548631578947368
52	0.614315789473684
53	0.68
54	0.745684210526316
55	0.811368421052631
56	0.877052631578947
57	0.934315789473684
58	0.962105263157895
59	0.968842105263158
60	0.975578947368421
61	0.972210526315789
62	0.964631578947368
63	0.956210526315789
64	0.924631578947368
65	0.893052631578947
66	0.858526315789474
67	0.824
68	0.780631578947368
69	0.737263157894737
70	0.693052631578947
71	0.648842105263158
72	0.606315789473684
73	0.56378947368421
74	0.521263157894737
75	0.478736842105263
76	0.435368421052632
77	0.386947368421052
78	0.338526315789474
79	0.290105263157895
80	0.247578947368421
81	0.205052631578947
82	0.163368421052632
83	0.144842105263158
84	0.132210526315789
85	0.120842105263158
86	0.110315789473684
87	0.133473684210526
88	0.156631578947368
89	0.0816842105263158
90	0.00673684210526316
91	-0.109894736842105
92	-0.227368421052632
93	-0.34778947368421
94	-0.468210526315789
95	-0.587789473684211
96	-0.702315789473684
97	-0.816842105263158
98	-0.931368421052632
99	-1.04505263157895
100	-1.15368421052632
101	-1.26231578947368
102	-1.37094736842105
103	-1.48547368421053
104	-1.59831578947368
105	-1.60589473684211
106	-1.63663157894737
107	-1.66736842105263
108	-1.59915789473684
109	-1.53094736842105
110	-1.42273684210526
111	-1.31368421052632
112	-1.20168421052632
113	-1.08968421052632
