Ind	Score
1	-0.197894736842105
2	-0.217684210526316
3	-0.237473684210526
4	-0.257263157894737
5	-0.204631578947368
6	-0.152
7	-0.0993684210526316
8	-0.0467368421052632
9	0.00589473684210524
10	0.0585263157894737
11	0.130947368421053
12	0.203368421052632
13	0.27578947368421
14	0.348210526315789
15	0.420631578947368
16	0.493052631578947
17	0.565473684210526
18	0.637894736842106
19	0.710315789473684
20	0.782736842105263
21	0.855157894736842
22	0.927578947368421
23	1
24	1
25	1
26	1
27	1
28	1
29	1
30	1
31	1
32	1
33	1
34	1
35	1
36	1
37	1
38	1
39	1
40	1
41	0.999684210526316
42	0.999368421052632
43	0.997578947368421
44	0.995789473684211
45	0.994
46	0.992105263157895
47	0.98978947368421
48	0.987473684210526
49	0.985157894736842
50	0.982842105263158
51	0.980526315789473
52	0.978210526315789
53	0.975894736842105
54	0.973578947368421
55	0.971263157894737
56	0.968947368421053
57	0.966631578947368
58	0.964315789473684
59	0.962
60	0.96
61	0.958
62	0.956631578947368
63	0.955263157894737
64	0.951684210526316
65	0.945263157894737
66	0.940736842105263
67	0.936210526315789
68	0.931684210526316
69	0.927263157894737
70	0.922421052631579
71	0.909157894736842
72	0.895894736842105
73	0.882631578947369
74	0.869368421052632
75	0.847684210526316
76	0.826
77	0.804315789473684
78	0.782631578947368
79	0.760947368421053
80	0.739263157894737
81	0.718421052631579
82	0.697578947368421
83	0.678947368421053
84	0.663263157894737
85	0.646947368421053
86	0.630631578947368
87	0.616842105263158
88	0.605894736842105
89	0.595368421052631
90	0.592421052631579
91	0.589473684210526
92	0.586526315789474
93	0.584421052631579
94	0.536210526315789
95	0.488
96	0.43978947368421
97	0.391578947368421
98	0.35178947368421
99	0.312
100	0.27221052631579
101	0.232421052631579
102	0.192631578947369
103	0.152842105263158
104	0.11221052631579
105	0.0715789473684211
106	0.0395789473684211
107	0.00463157894736849
108	-0.0303157894736842
109	-0.0644210526315789
110	-0.0985263157894736
111	-0.132631578947368
112	-0.167578947368421
113	-0.148
114	-0.128421052631579
