Ind	Score
1	0.133052631578947
2	0.139368421052632
3	0.145684210526316
4	0.152
5	0.173052631578947
6	0.194947368421053
7	0.220631578947368
8	0.247157894736842
9	0.273684210526316
10	0.304421052631579
11	0.316947368421053
12	0.330315789473684
13	0.349578947368421
14	0.371368421052632
15	0.396526315789474
16	0.421684210526316
17	0.454421052631579
18	0.489684210526316
19	0.528315789473684
20	0.566947368421053
21	0.611473684210526
22	0.656
23	0.700526315789473
24	0.730315789473684
25	0.760947368421053
26	0.787789473684211
27	0.813789473684211
28	0.83978947368421
29	0.861578947368421
30	0.880105263157895
31	0.89778947368421
32	0.912947368421053
33	0.928105263157895
34	0.943368421052631
35	0.958631578947368
36	0.970526315789473
37	0.979894736842105
38	0.985894736842105
39	0.991894736842105
40	0.993684210526316
41	0.995473684210526
42	0.997263157894737
43	0.999052631578947
44	0.999157894736842
45	0.999263157894737
46	0.999368421052631
47	0.999473684210526
48	0.999578947368421
49	0.999578947368421
50	0.999578947368421
51	0.999578947368421
52	0.999578947368421
53	0.999473684210526
54	0.999368421052631
55	0.999263157894737
56	0.999157894736842
57	0.999052631578947
58	0.998947368421052
59	0.998842105263158
60	0.998736842105263
61	0.998631578947368
62	0.998526315789473
63	0.998421052631579
64	0.998315789473684
65	0.998210526315789
66	0.998105263157894
67	0.998
68	0.998
69	0.998
70	0.998
71	0.998
72	0.998105263157894
73	0.998210526315789
74	0.998315789473684
75	0.998421052631579
76	0.998526315789473
77	0.998631578947368
78	0.998736842105263
79	0.998842105263158
80	0.998947368421052
81	0.999052631578947
82	0.999157894736842
83	0.995894736842105
84	0.992631578947368
85	0.989368421052631
86	0.983578947368421
87	0.976947368421052
88	0.970315789473684
89	0.962842105263158
90	0.954526315789474
91	0.946105263157895
92	0.930526315789474
93	0.884210526315789
94	0.837894736842105
95	0.791578947368421
96	0.745263157894737
97	0.698947368421053
98	0.652631578947368
99	0.606315789473684
100	0.56
101	0.513684210526316
102	0.470736842105263
103	0.427789473684211
104	0.384842105263158
105	0.338105263157895
106	0.292210526315789
107	0.246315789473684
108	0.201263157894737
109	0.157052631578947
110	0.112842105263158
111	0.0757894736842105
112	0.0694736842105263
113	0.0631578947368421
