Ind	Score
1	-0.192421052631579
2	-0.224757894736842
3	-0.261726315789474
4	-0.298694736842105
5	-0.302063157894737
6	-0.305431578947368
7	-0.305852631578947
8	-0.303326315789474
9	-0.291957894736842
10	-0.279747368421053
11	-0.265936842105263
12	-0.244547368421053
13	-0.225684210526316
14	-0.192084210526316
15	-0.156463157894737
16	-0.119663157894737
17	-0.0912842105263159
18	-0.0490105263157896
19	-0.0016842105263159
20	0.0456421052631578
21	0.0959157894736841
22	0.150821052631579
23	0.208252631578947
24	0.232084210526316
25	0.260968421052631
26	0.287747368421052
27	0.311578947368421
28	0.325726315789474
29	0.339031578947368
30	0.352336842105263
31	0.355957894736842
32	0.293473684210526
33	0.23098947368421
34	0.169010526315789
35	0.105852631578947
36	0.0536421052631578
37	-0.0124631578947369
38	-0.077221052631579
39	-0.137263157894737
40	-0.186778947368421
41	-0.235452631578947
42	-0.286652631578947
43	-0.337852631578947
44	-0.363368421052632
45	-0.389726315789474
46	-0.416084210526316
47	-0.4416
48	-0.467115789473684
49	-0.492631578947368
50	-0.510147368421053
51	-0.459031578947368
52	-0.407915789473684
