Ind	Score
1	-0.370947368421053
2	-0.408042105263158
3	-0.445136842105263
4	-0.482231578947369
5	-0.456547368421053
6	-0.424968421052632
7	-0.393389473684211
8	-0.360968421052632
9	-0.325178947368421
10	-0.273389473684211
11	-0.184505263157895
12	-0.0956210526315789
13	-0.00589473684210521
14	0.0829894736842106
15	0.171873684210526
16	0.260757894736842
17	0.349642105263158
18	0.438526315789474
19	0.527410526315789
20	0.616294736842105
21	0.705178947368421
22	0.779326315789474
23	0.853473684210526
24	0.864842105263158
25	0.870315789473684
26	0.875789473684211
27	0.879578947368421
28	0.88
29	0.863578947368421
30	0.845473684210526
31	0.824
32	0.734315789473684
33	0.645473684210526
34	0.556631578947368
35	0.467789473684211
36	0.378947368421053
37	0.290947368421053
38	0.202947368421053
39	0.114947368421053
40	0.0269473684210527
41	-0.0463157894736841
42	-0.119578947368421
43	-0.192842105263158
44	-0.229894736842105
45	-0.266947368421052
46	-0.303157894736842
47	-0.339368421052631
48	-0.374736842105263
49	-0.408421052631579
50	-0.438736842105263
51	-0.401684210526316
52	-0.364631578947368
