Ind	Score
1	0.0454736842105263
2	0.0500210526315789
3	0.0545684210526316
4	0.0591157894736842
5	0.0995368421052632
6	0.144168421052632
7	0.194273684210526
8	0.245221052631579
9	0.296168421052632
10	0.347957894736842
11	0.396042105263158
12	0.444126315789474
13	0.490105263157895
14	0.535242105263158
15	0.579536842105263
16	0.621305263157895
17	0.660547368421053
18	0.698947368421053
19	0.737347368421053
20	0.774905263157895
21	0.812463157894737
22	0.844126315789474
23	0.875789473684211
24	0.871578947368421
25	0.861473684210526
26	0.845894736842105
27	0.829473684210526
28	0.81221052631579
29	0.794105263157895
30	0.768421052631579
31	0.741894736842105
32	0.69221052631579
33	0.643368421052632
34	0.595368421052632
35	0.549894736842105
36	0.509052631578948
37	0.469894736842106
38	0.431578947368421
39	0.396631578947369
40	0.36421052631579
41	0.338526315789474
42	0.312842105263158
43	0.288
44	0.253473684210527
45	0.218947368421053
46	0.184421052631579
47	0.150736842105263
48	0.117052631578948
49	0.0901052631578949
50	0.0640000000000001
51	0.0631578947368422
52	0.0623157894736843
