Ind	Score
1	-0.114
2	-0.12621052631579
3	-0.138421052631579
4	-0.150631578947369
5	-0.112421052631579
6	-0.0730526315789475
7	-0.0273684210526317
8	0.0183157894736841
9	0.0639999999999999
10	0.112
11	0.171052631578947
12	0.231263157894737
13	0.292631578947368
14	0.354
15	0.415368421052631
16	0.477894736842105
17	0.541578947368421
18	0.605263157894737
19	0.668947368421053
20	0.73378947368421
21	0.798631578947368
22	0.863473684210526
23	0.928315789473684
24	0.942736842105263
25	0.956
26	0.962947368421053
27	0.969894736842105
28	0.976842105263158
29	0.981473684210526
30	0.984947368421052
31	0.987263157894737
32	0.989578947368421
33	0.991894736842105
34	0.994210526315789
35	0.996526315789474
36	0.997684210526316
37	0.998842105263158
38	1
39	1
40	1
41	1
42	1
43	1
44	1
45	1
46	1
47	1
48	1
49	1
50	0.998842105263158
51	0.997684210526316
52	0.995368421052631
53	0.991894736842105
54	0.986105263157895
55	0.97978947368421
56	0.973473684210526
57	0.967157894736842
58	0.960842105263158
59	0.954526315789474
60	0.948210526315789
61	0.941894736842105
62	0.935578947368421
63	0.929263157894737
64	0.920631578947368
65	0.912
66	0.903368421052631
67	0.894736842105263
68	0.886105263157894
69	0.878631578947368
70	0.871157894736842
71	0.864842105263158
72	0.859684210526316
73	0.858
74	0.856842105263158
75	0.855684210526316
76	0.855684210526316
77	0.856842105263158
78	0.858526315789474
79	0.859052631578947
80	0.859578947368421
81	0.860105263157894
82	0.860631578947368
83	0.863473684210526
84	0.866315789473684
85	0.868105263157895
86	0.868736842105263
87	0.870526315789473
88	0.871157894736842
89	0.87178947368421
90	0.872421052631579
91	0.873052631578947
92	0.871368421052631
93	0.819052631578947
94	0.766736842105263
95	0.713263157894737
96	0.658631578947368
97	0.603473684210526
98	0.550631578947368
99	0.49778947368421
100	0.446105263157895
101	0.394421052631579
102	0.343894736842105
103	0.293368421052631
104	0.243894736842105
105	0.199263157894737
106	0.153473684210526
107	0.108842105263158
108	0.0642105263157893
109	0.0195789473684209
110	-0.0250526315789475
111	-0.0685263157894738
112	-0.0613684210526317
113	-0.0542105263157896
