Ind	Score
1	0.142315789473684
2	0.149473684210526
3	0.15578947368421
4	0.150315789473684
5	0.17178947368421
6	0.193263157894737
7	0.166736842105263
8	0.130105263157895
9	0.0934736842105262
10	0.0568421052631577
11	0.0021052631578946
12	-0.0526315789473686
13	-0.102315789473684
14	-0.149473684210526
15	-0.196631578947369
16	-0.243789473684211
17	-0.285052631578948
18	-0.321263157894737
19	-0.357473684210526
20	-0.393684210526316
21	-0.424
22	-0.448421052631579
23	-0.461052631578947
24	-0.500631578947369
25	-0.54021052631579
26	-0.530947368421053
27	-0.49978947368421
28	-0.468631578947368
29	-0.437473684210526
30	-0.358315789473684
31	-0.269894736842105
32	-0.186526315789474
33	-0.105684210526316
34	-0.0248421052631579
35	0.056
36	0.136842105263158
37	0.217684210526316
38	0.298526315789474
39	0.379368421052632
40	0.454315789473684
41	0.52421052631579
42	0.594105263157895
43	0.664
44	0.733894736842105
45	0.802947368421053
46	0.86021052631579
47	0.917473684210526
48	0.974736842105263
49	0.984
50	0.984
51	0.984
52	0.984
53	0.984
54	0.984842105263158
55	0.985684210526316
56	0.986526315789474
57	0.987368421052632
58	0.98821052631579
59	0.989052631578948
60	0.989894736842105
61	0.990736842105263
62	0.991578947368421
63	0.992421052631579
64	0.993263157894737
65	0.994105263157895
66	0.994947368421053
67	0.995789473684211
68	0.996631578947369
69	0.997473684210526
70	0.998315789473684
71	0.999157894736842
72	1
73	1
74	1
75	1
76	1
77	1
78	1
79	1
80	1
81	1
82	1
83	1
84	1
85	1
86	1
87	1
88	1
89	1
90	1
91	1
92	1
93	0.869473684210526
94	0.738947368421053
95	0.608421052631579
96	0.477894736842105
97	0.347368421052632
98	0.216842105263158
99	0.0863157894736842
100	-0.0442105263157895
101	-0.174736842105263
102	-0.305263157894737
103	-0.435789473684211
104	-0.566315789473684
105	-0.618947368421053
106	-0.671578947368421
107	-0.724210526315789
108	-0.776842105263158
109	-0.829473684210526
110	-0.882105263157895
111	-0.934736842105263
112	-0.856842105263158
113	-0.778947368421053
