Ind	Score
1	-0.121157894736842
2	-0.134315789473684
3	-0.147473684210526
4	-0.160631578947369
5	-0.128631578947369
6	-0.0931578947368422
7	-0.0518947368421054
8	-0.00736842105263171
9	0.0383157894736841
10	0.085157894736842
11	0.145157894736842
12	0.206315789473684
13	0.267473684210526
14	0.328631578947368
15	0.38978947368421
16	0.452105263157895
17	0.514421052631579
18	0.576736842105263
19	0.636947368421052
20	0.697157894736842
21	0.757368421052632
22	0.817578947368421
23	0.878947368421052
24	0.895157894736842
25	0.907894736842105
26	0.914842105263157
27	0.918526315789474
28	0.921052631578947
29	0.922421052631579
30	0.921473684210526
31	0.918421052631579
32	0.914421052631579
33	0.910421052631579
34	0.906421052631579
35	0.901263157894737
36	0.896105263157895
37	0.890947368421053
38	0.889052631578947
39	0.887157894736842
40	0.884736842105263
41	0.882315789473684
42	0.882
43	0.881684210526316
44	0.881368421052631
45	0.881052631578947
46	0.880736842105263
47	0.880421052631579
48	0.880105263157895
49	0.87978947368421
50	0.880421052631579
51	0.882
52	0.883578947368421
53	0.882842105263158
54	0.884210526315789
55	0.887684210526316
56	0.891157894736842
57	0.894631578947369
58	0.898105263157895
59	0.902105263157895
60	0.906105263157895
61	0.906842105263158
62	0.907578947368421
63	0.908842105263158
64	0.910105263157895
65	0.911368421052632
66	0.912631578947368
67	0.913894736842105
68	0.915157894736842
69	0.917578947368421
70	0.92
71	0.922421052631579
72	0.927157894736842
73	0.929789473684211
74	0.929157894736842
75	0.928526315789474
76	0.929052631578948
77	0.927263157894737
78	0.924315789473685
79	0.919052631578948
80	0.906842105263158
81	0.89021052631579
82	0.862631578947368
83	0.835052631578947
84	0.807473684210526
85	0.774
86	0.740526315789474
87	0.704947368421053
88	0.66378947368421
89	0.621473684210526
90	0.576315789473684
91	0.528842105263158
92	0.472526315789473
93	0.400631578947368
94	0.328736842105263
95	0.255684210526316
96	0.186105263157894
97	0.118842105263158
98	0.053894736842105
99	-0.00294736842105292
100	-0.0530526315789477
101	-0.0915789473684213
102	-0.127789473684211
103	-0.157052631578948
104	-0.176
105	-0.191684210526316
106	-0.205263157894737
107	-0.213263157894737
108	-0.220105263157895
109	-0.224105263157895
110	-0.225789473684211
111	-0.218631578947369
112	-0.194736842105263
113	-0.170842105263158
