Ind	Score
1	0.071578947368421
2	0.0778947368421053
3	0.0842105263157895
4	0.0905263157894737
5	0.137263157894737
6	0.183157894736842
7	0.229052631578947
8	0.274947368421053
9	0.320842105263158
10	0.366736842105263
11	0.405473684210526
12	0.445052631578948
13	0.485473684210526
14	0.526736842105263
15	0.568
16	0.610105263157895
17	0.65221052631579
18	0.695157894736842
19	0.738105263157895
20	0.781894736842105
21	0.825684210526316
22	0.869473684210527
23	0.913263157894737
24	0.916526315789474
25	0.920526315789474
26	0.924526315789474
27	0.928526315789474
28	0.932526315789474
29	0.938210526315789
30	0.94221052631579
31	0.945368421052632
32	0.948526315789474
33	0.951684210526316
34	0.954842105263158
35	0.957894736842105
36	0.960947368421053
37	0.956421052631579
38	0.951894736842105
39	0.946526315789474
40	0.940315789473684
41	0.934105263157895
42	0.927894736842105
43	0.921789473684211
44	0.914947368421053
45	0.908105263157895
46	0.901263157894737
47	0.894526315789474
48	0.886210526315789
49	0.877894736842105
50	0.869578947368421
51	0.857368421052632
52	0.843473684210526
53	0.828736842105263
54	0.814105263157895
55	0.799473684210526
56	0.791578947368421
57	0.783684210526316
58	0.775894736842105
59	0.768947368421053
60	0.768736842105263
61	0.768526315789474
62	0.768315789473684
63	0.770631578947368
64	0.772947368421053
65	0.775263157894737
66	0.777473684210526
67	0.780421052631579
68	0.782526315789474
69	0.784631578947368
70	0.78978947368421
71	0.796631578947368
72	0.800947368421053
73	0.805263157894737
74	0.813473684210526
75	0.823368421052632
76	0.834105263157895
77	0.844736842105263
78	0.854526315789474
79	0.857578947368421
80	0.860631578947368
81	0.863684210526316
82	0.865052631578947
83	0.866421052631579
84	0.867789473684211
85	0.869157894736842
86	0.869684210526316
87	0.871052631578947
88	0.872421052631579
89	0.872947368421052
90	0.872631578947368
91	0.865578947368421
92	0.857684210526316
93	0.813473684210526
94	0.767578947368421
95	0.724210526315789
96	0.680842105263158
97	0.638315789473684
98	0.595789473684211
99	0.553263157894737
100	0.510736842105263
101	0.469052631578947
102	0.427368421052632
103	0.385684210526316
104	0.344
105	0.297263157894737
106	0.250526315789474
107	0.203789473684211
108	0.158736842105263
109	0.114526315789474
110	0.080421052631579
111	0.0471578947368422
112	0.0463157894736843
113	0.0454736842105264
