Ind	Score
1	0.12
2	0.124294736842105
3	0.128589473684211
4	0.132884210526316
5	0.176884210526316
6	0.220884210526316
7	0.264884210526316
8	0.308884210526316
9	0.321221052631579
10	0.331031578947368
11	0.328547368421053
12	0.325221052631579
13	0.316
14	0.304252631578947
15	0.292505263157895
16	0.280757894736842
17	0.269010526315789
18	0.256421052631579
19	0.243831578947368
20	0.234084210526316
21	0.22938947368421
22	0.224694736842105
23	0.22
24	0.178547368421052
25	0.142147368421052
26	0.105747368421052
27	0.0693473684210524
28	0.0652421052631576
29	0.0636631578947366
30	0.0620842105263155
31	0.0613473684210524
32	0.0981684210526313
33	0.140042105263158
34	0.181915789473684
35	0.224631578947368
36	0.273242105263158
37	0.325221052631579
38	0.3772
39	0.429284210526316
40	0.481368421052632
41	0.534294736842105
42	0.587221052631579
43	0.637305263157895
44	0.682336842105263
45	0.727368421052632
46	0.7724
47	0.8168
48	0.8612
49	0.9056
50	0.95
51	0.962736842105263
52	0.972947368421053
53	0.983157894736842
54	0.992526315789474
55	0.996
56	0.996947368421053
57	0.997894736842105
58	0.998842105263158
59	0.99978947368421
60	0.999894736842105
61	1
62	1
63	1
64	1
65	1
66	1
67	1
68	1
69	1
70	1
71	1
72	1
73	1
74	0.997473684210526
75	0.994947368421053
76	0.992421052631579
77	0.989894736842105
78	0.981052631578948
79	0.968
80	0.953263157894737
81	0.938526315789474
82	0.92378947368421
83	0.909052631578947
84	0.894315789473684
85	0.878736842105263
86	0.861684210526316
87	0.844631578947368
88	0.827578947368421
89	0.810526315789474
90	0.783368421052632
91	0.75621052631579
92	0.729052631578948
93	0.681263157894737
94	0.633473684210526
95	0.585684210526316
96	0.537894736842105
97	0.498947368421053
98	0.464210526315789
99	0.431157894736842
100	0.398105263157895
101	0.371368421052632
102	0.348842105263158
103	0.328
104	0.308
105	0.272421052631579
106	0.236842105263158
107	0.201263157894737
108	0.165684210526316
109	0.140210526315789
110	0.114736842105263
111	0.0892631578947368
112	0.0869473684210526
113	0.0846315789473684
