Ind	Score
1	-0.374736842105263
2	-0.412210526315789
3	-0.449684210526316
4	-0.487157894736842
5	-0.445894736842105
6	-0.393263157894737
7	-0.340631578947369
8	-0.288
9	-0.235368421052632
10	-0.182736842105263
11	-0.0926315789473684
12	-0.00252631578947363
13	0.0875789473684211
14	0.177684210526316
15	0.267789473684211
16	0.357894736842105
17	0.448
18	0.538105263157895
19	0.628210526315789
20	0.718315789473684
21	0.808421052631579
22	0.898526315789474
23	0.988631578947368
24	1
25	1
26	1
27	1
28	1
29	1
30	1
31	1
32	1
33	1
34	1
35	1
36	1
37	1
38	1
39	1
40	1
41	1
42	1
43	1
44	1
45	1
46	1
47	1
48	1
49	1
50	1
51	1
52	1
53	0.962105263157895
54	0.924210526315789
55	0.872842105263158
56	0.818105263157895
57	0.758315789473684
58	0.698526315789474
59	0.638736842105263
60	0.578947368421053
61	0.519157894736842
62	0.459368421052631
63	0.398736842105263
64	0.338105263157895
65	0.274947368421053
66	0.211789473684211
67	0.148631578947368
68	0.0854736842105263
69	0.0223157894736842
70	-0.0408421052631579
71	-0.104
72	-0.129263157894737
73	-0.154526315789474
74	-0.166315789473684
75	-0.174736842105263
76	-0.14021052631579
77	-0.105684210526316
78	-0.0576842105263158
79	-0.00631578947368422
80	0.0501052631578947
81	0.106526315789474
82	0.163789473684211
83	0.221052631578947
84	0.280842105263158
85	0.340631578947369
86	0.401263157894737
87	0.461894736842105
88	0.525052631578948
89	0.58821052631579
90	0.651368421052632
91	0.712842105263158
92	0.774315789473684
93	0.795368421052632
94	0.816421052631579
95	0.799578947368421
96	0.782736842105263
97	0.752421052631579
98	0.718736842105263
99	0.68
100	0.641263157894737
101	0.602526315789474
102	0.563789473684211
103	0.525052631578947
104	0.486315789473684
105	0.436210526315789
106	0.386105263157895
107	0.333473684210526
108	0.280842105263158
109	0.228210526315789
110	0.177263157894737
111	0.126315789473684
112	0.115789473684211
113	0.105263157894737
