Ind	Score
1	-0.0951578947368421
2	-0.107957894736842
3	-0.120757894736842
4	-0.133557894736842
5	-0.109557894736842
6	-0.078821052631579
7	-0.0472421052631579
8	-0.014821052631579
9	0.0209684210526316
10	0.0592842105263158
11	0.103242105263158
12	0.149305263157895
13	0.19621052631579
14	0.243115789473684
15	0.292968421052632
16	0.346189473684211
17	0.398568421052632
18	0.450947368421053
19	0.506273684210526
20	0.564968421052632
21	0.623663157894737
22	0.682357894736842
23	0.741052631578948
24	0.762947368421053
25	0.775578947368421
26	0.787368421052632
27	0.796631578947369
28	0.8
29	0.800842105263158
30	0.801684210526316
31	0.799578947368421
32	0.788
33	0.746105263157895
34	0.70421052631579
35	0.664
36	0.626315789473685
37	0.589473684210527
38	0.549684210526316
39	0.507368421052632
40	0.465894736842106
41	0.424421052631579
42	0.382947368421053
43	0.342315789473684
44	0.30421052631579
45	0.260842105263158
46	0.219157894736842
47	0.18
48	0.140842105263158
49	0.101684210526316
50	0.0633684210526317
51	0.0336842105263159
52	0.0343157894736843
53	0.0349473684210527
