Ind	Score
1	-0.732631578947368
2	-0.807157894736842
3	-0.881684210526316
4	-0.956210526315789
5	-1.00757894736842
6	-1.05221052631579
7	-1.09094736842105
8	-1.12589473684211
9	-1.15494736842105
10	-1.16842105263158
11	-1.12
12	-1.04884210526316
13	-0.964210526315789
14	-0.866526315789474
15	-0.752
16	-0.624842105263158
17	-0.497684210526316
18	-0.370526315789474
19	-0.243368421052632
20	-0.11621052631579
21	0.0109473684210526
22	0.138105263157895
23	0.265263157894737
24	0.369263157894737
25	0.466526315789474
26	0.557894736842105
27	0.645473684210526
28	0.727157894736842
29	0.793263157894737
30	0.859368421052632
31	0.915368421052632
32	0.764210526315789
33	0.6
34	0.418947368421053
35	0.225263157894737
36	0.0315789473684211
37	-0.162105263157895
38	-0.355789473684211
39	-0.549473684210526
40	-0.743157894736842
41	-0.936842105263158
42	-1.13052631578947
43	-1.32421052631579
44	-1.37684210526316
45	-1.42947368421053
46	-1.48210526315789
47	-1.53473684210526
48	-1.58736842105263
49	-1.64
50	-1.69263157894737
51	-1.55157894736842
52	-1.41052631578947
