Ind	Score
1	-0.0458947368421053
2	-0.0616842105263158
3	-0.0774736842105263
4	-0.0932631578947368
5	-0.0717894736842105
6	-0.0494736842105263
7	-0.0263157894736842
8	-0.00315789473684208
9	0.02
10	0.0431578947368422
11	0.0576842105263158
12	0.0747368421052632
13	0.0926315789473685
14	0.111368421052632
15	0.137684210526316
16	0.178315789473684
17	0.224
18	0.269684210526316
19	0.321263157894737
20	0.384631578947368
21	0.452210526315789
22	0.519789473684211
23	0.587368421052632
24	0.617684210526316
25	0.645473684210526
26	0.671578947368421
27	0.697684210526316
28	0.722105263157895
29	0.746526315789474
30	0.765263157894737
31	0.777894736842105
32	0.767578947368421
33	0.725473684210526
34	0.681684210526316
35	0.635368421052632
36	0.588210526315789
37	0.541052631578947
38	0.488
39	0.423157894736842
40	0.354105263157895
41	0.285052631578947
42	0.216
43	0.146947368421053
44	0.079578947368421
45	0.0303157894736842
46	-0.0189473684210527
47	-0.0665263157894738
48	-0.114105263157895
49	-0.156842105263158
50	-0.193473684210526
51	-0.207157894736842
52	-0.189894736842105
53	-0.172631578947368
