Ind	Score
1	-0.27221052631579
2	-0.303873684210526
3	-0.335536842105263
4	-0.3672
5	-0.341515789473684
6	-0.310778947368421
7	-0.276252631578948
8	-0.238357894736842
9	-0.200463157894737
10	-0.162568421052632
11	-0.100168421052632
12	-0.0377684210526316
13	0.0271578947368421
14	0.0950315789473684
15	0.162905263157895
16	0.230778947368421
17	0.304336842105263
18	0.377684210526316
19	0.447242105263158
20	0.5168
21	0.5912
22	0.663705263157895
23	0.735368421052631
24	0.749684210526316
25	0.758842105263158
26	0.763368421052632
27	0.763684210526316
28	0.765263157894737
29	0.764315789473684
30	0.733894736842105
31	0.698842105263158
32	0.637684210526316
33	0.573578947368421
34	0.509473684210526
35	0.445368421052632
36	0.381263157894737
37	0.318842105263158
38	0.26021052631579
39	0.201578947368421
40	0.138105263157895
41	0.0782105263157896
42	0.0229473684210528
43	-0.0323157894736841
44	-0.0722105263157894
45	-0.111263157894737
46	-0.149473684210526
47	-0.188947368421053
48	-0.225894736842105
49	-0.233368421052631
50	-0.236210526315789
51	-0.215473684210526
52	-0.194736842105263
