Ind	Score
1	-0.175157894736842
2	-0.194736842105263
3	-0.161263157894737
4	-0.126315789473684
5	-0.0884210526315789
6	-0.0461052631578947
7	0.00357894736842109
8	0.0532631578947369
9	0.102947368421053
10	0.152631578947368
11	0.218947368421053
12	0.285263157894737
13	0.351578947368421
14	0.416421052631579
15	0.481263157894737
16	0.546105263157895
17	0.610947368421052
18	0.681684210526316
19	0.752421052631579
20	0.823157894736842
21	0.893894736842105
22	0.911578947368421
23	0.927789473684211
24	0.941052631578948
25	0.949894736842106
26	0.951368421052632
27	0.952842105263158
28	0.954315789473685
29	0.955789473684211
30	0.957263157894737
31	0.958736842105263
32	0.96021052631579
33	0.963157894736842
34	0.966105263157895
35	0.969052631578948
36	0.972
37	0.972
38	0.972
39	0.972
40	0.972
41	0.972
42	0.972
43	0.972
44	0.972
45	0.972
46	0.972
47	0.972
48	0.972
49	0.972
50	0.972
51	0.972
52	0.973473684210527
53	0.974947368421053
54	0.976421052631579
55	0.977894736842105
56	0.979368421052632
57	0.980842105263158
58	0.982315789473684
59	0.983789473684211
60	0.985263157894737
61	0.986736842105263
62	0.98821052631579
63	0.989684210526316
64	0.989684210526316
65	0.989684210526316
66	0.989684210526316
67	0.989684210526316
68	0.989684210526316
69	0.989684210526316
70	0.989684210526316
71	0.98821052631579
72	0.983789473684211
73	0.979368421052632
74	0.974947368421053
75	0.970526315789474
76	0.96021052631579
77	0.948421052631579
78	0.936631578947368
79	0.921894736842105
80	0.904210526315789
81	0.886526315789474
82	0.867368421052632
83	0.851157894736842
84	0.833473684210526
85	0.815789473684211
86	0.798105263157895
87	0.778947368421053
88	0.758315789473684
89	0.73621052631579
90	0.714105263157895
91	0.697894736842105
92	0.681684210526316
93	0.661052631578948
94	0.630105263157895
95	0.578526315789474
96	0.529894736842106
97	0.481263157894737
98	0.438526315789474
99	0.401684210526316
100	0.364842105263158
101	0.330947368421053
102	0.295578947368421
103	0.263157894736842
104	0.230736842105263
105	0.197263157894737
106	0.165263157894737
107	0.134736842105263
108	0.105684210526316
109	0.0766315789473686
110	0.0446315789473686
111	0.0126315789473686
112	-0.0149473684210524
113	-0.0322105263157893
