Ind	Score
1	0.286105263157895
2	0.268
3	0.241473684210526
4	0.214947368421053
5	0.188421052631579
6	0.161894736842105
7	0.132
8	0.101263157894737
9	0.0705263157894736
10	0.0381052631578947
11	-0.0654736842105263
12	-0.172
13	-0.278526315789474
14	-0.385052631578947
15	-0.491578947368421
16	-0.598105263157895
17	-0.673684210526316
18	-0.712421052631579
19	-0.74821052631579
20	-0.784
21	-0.788842105263158
22	-0.748421052631579
23	-0.705052631578947
24	-0.661684210526316
25	-0.618315789473684
26	-0.563157894736842
27	-0.507157894736842
28	-0.451157894736842
29	-0.393473684210526
30	-0.313894736842105
31	-0.230526315789474
32	-0.147157894736842
33	-0.0621052631578948
34	0.0414736842105262
35	0.148
36	0.254526315789474
37	0.361052631578947
38	0.467578947368421
39	0.574105263157895
40	0.649684210526316
41	0.688421052631579
42	0.724210526315789
43	0.76
44	0.79578947368421
45	0.823157894736842
46	0.850526315789474
47	0.877894736842105
48	0.905263157894737
49	0.929263157894737
50	0.952421052631579
51	0.975578947368421
52	0.997052631578948
53	1
54	1
55	1
56	1
57	1
58	1
59	1
60	1
61	1
62	1
63	1
64	1
65	1
66	1
67	1
68	1
69	1
70	1
71	1
72	1
73	1
74	1
75	1
76	1
77	1
78	1
79	1
80	1
81	1
82	1
83	1
84	1
85	1
86	1
87	1
88	1
89	1
90	1
91	1
92	1
93	1
94	0.906105263157895
95	0.812210526315789
96	0.718315789473684
97	0.624421052631579
98	0.530526315789474
99	0.436631578947368
100	0.342736842105263
101	0.248842105263158
102	0.154947368421053
103	0.0610526315789473
104	-0.0328421052631579
105	-0.126736842105263
106	-0.179368421052632
107	-0.232
108	-0.284631578947368
109	-0.337263157894737
110	-0.389894736842105
111	-0.442526315789474
112	-0.495157894736842
113	-0.453894736842105
114	-0.412631578947368
