Ind	Score
1	-0.442105263157895
2	-0.487578947368421
3	-0.533052631578947
4	-0.578526315789474
5	-0.551157894736842
6	-0.520842105263158
7	-0.489684210526316
8	-0.458526315789474
9	-0.427368421052631
10	-0.394526315789474
11	-0.30821052631579
12	-0.221052631578947
13	-0.133894736842105
14	-0.0458947368421053
15	0.0484210526315789
16	0.143578947368421
17	0.238736842105263
18	0.333894736842105
19	0.432
20	0.530105263157895
21	0.625263157894737
22	0.720421052631579
23	0.815578947368421
24	0.834947368421053
25	0.845473684210526
26	0.855157894736842
27	0.864842105263158
28	0.865684210526316
29	0.863157894736842
30	0.848842105263158
31	0.822736842105263
32	0.72421052631579
33	0.624842105263158
34	0.522105263157895
35	0.418526315789474
36	0.314947368421053
37	0.211368421052632
38	0.104842105263158
39	-0.0016842105263157
40	-0.105263157894737
41	-0.208842105263158
42	-0.312421052631579
43	-0.413052631578947
44	-0.453894736842105
45	-0.494736842105263
46	-0.535578947368421
47	-0.567578947368421
48	-0.597894736842105
49	-0.628210526315789
50	-0.646736842105263
51	-0.592842105263158
52	-0.538947368421053
