Ind	Score
1	-0.210105263157895
2	-0.232736842105263
3	-0.198315789473684
4	-0.158947368421053
5	-0.116631578947368
6	-0.0713684210526316
7	-0.0261052631578947
8	0.0191578947368422
9	0.064421052631579
10	0.112631578947369
11	0.179052631578947
12	0.245473684210526
13	0.310421052631579
14	0.381263157894737
15	0.452105263157895
16	0.525894736842105
17	0.599684210526316
18	0.670526315789474
19	0.739894736842105
20	0.809263157894737
21	0.878631578947368
22	0.890947368421053
23	0.895368421052632
24	0.896842105263158
25	0.893894736842105
26	0.890947368421053
27	0.888
28	0.883578947368421
29	0.87621052631579
30	0.864842105263158
31	0.844631578947369
32	0.825894736842105
33	0.795368421052632
34	0.724
35	0.651157894736842
36	0.578315789473685
37	0.511368421052632
38	0.447368421052632
39	0.383368421052632
40	0.319368421052632
41	0.255368421052632
42	0.197263157894737
43	0.139157894736842
44	0.0968421052631582
45	0.054526315789474
46	0.0122105263157897
47	-0.0286315789473682
48	-0.069473684210526
49	-0.106315789473684
50	-0.134315789473684
51	-0.162315789473684
52	-0.181473684210526
