Ind	Score
1	-0.246947368421052
2	-0.272526315789474
3	-0.228736842105263
4	-0.180526315789474
5	-0.132315789473684
6	-0.0841052631578946
7	-0.0344210526315788
8	0.015263157894737
9	0.0649473684210528
10	0.114631578947369
11	0.186947368421053
12	0.258736842105263
13	0.333473684210526
14	0.406736842105263
15	0.48
16	0.548842105263158
17	0.61621052631579
18	0.683578947368421
19	0.750947368421053
20	0.818315789473684
21	0.885684210526316
22	0.880736842105263
23	0.871368421052632
24	0.862
25	0.852631578947369
26	0.841789473684211
27	0.830947368421053
28	0.820105263157895
29	0.806315789473685
30	0.785157894736842
31	0.762105263157895
32	0.736105263157895
33	0.705684210526316
34	0.64
35	0.583157894736842
36	0.529263157894737
37	0.475368421052632
38	0.421473684210527
39	0.367578947368421
40	0.313684210526316
41	0.265684210526316
42	0.217684210526316
43	0.169684210526316
44	0.130842105263158
45	0.0920000000000002
46	0.0531578947368423
47	0.0143157894736844
48	-0.0215789473684209
49	-0.0501052631578946
50	-0.0762105263157893
51	-0.100842105263158
52	-0.119578947368421
