Ind	Score
1	-0.297263157894737
2	-0.327242105263158
3	-0.357221052631579
4	-0.3872
5	-0.366147368421053
6	-0.340884210526316
7	-0.30341052631579
8	-0.265094736842105
9	-0.221515789473684
10	-0.177936842105263
11	-0.0993263157894738
12	-0.019242105263158
13	0.0608421052631578
14	0.141768421052631
15	0.223536842105263
16	0.305305263157895
17	0.387073684210526
18	0.469684210526316
19	0.534610526315789
20	0.599536842105263
21	0.664463157894737
22	0.729389473684211
23	0.781263157894737
24	0.781263157894737
25	0.775368421052631
26	0.757263157894737
27	0.738315789473684
28	0.711578947368421
29	0.684
30	0.647368421052632
31	0.607578947368421
32	0.521052631578947
33	0.434526315789474
34	0.347157894736842
35	0.25978947368421
36	0.172421052631579
37	0.0842105263157895
38	0.0136842105263158
39	-0.0568421052631579
40	-0.127368421052632
41	-0.197894736842105
42	-0.237684210526316
43	-0.276631578947369
44	-0.296
45	-0.315368421052632
46	-0.334736842105263
47	-0.351578947368421
48	-0.367578947368421
49	-0.380421052631579
50	-0.391578947368421
51	-0.356
52	-0.320421052631579
