Ind	Score
1	-0.168842105263158
2	-0.189136842105263
3	-0.209431578947368
4	-0.229726315789474
5	-0.226357894736842
6	-0.221305263157895
7	-0.21541052631579
8	-0.215831578947369
9	-0.2112
10	-0.202778947368421
11	-0.181221052631579
12	-0.156715789473684
13	-0.106947368421053
14	-0.0542315789473685
15	0.000168421052631486
16	0.0600421052631578
17	0.119915789473684
18	0.17978947368421
19	0.239663157894737
20	0.30458947368421
21	0.369515789473684
22	0.434442105263158
23	0.499368421052631
24	0.542315789473684
25	0.583578947368421
26	0.624
27	0.670736842105263
28	0.710736842105263
29	0.746947368421052
30	0.783157894736842
31	0.820210526315789
32	0.662947368421053
33	0.502736842105263
34	0.340842105263158
35	0.176842105263158
36	0.0128421052631579
37	-0.151157894736842
38	-0.315157894736842
39	-0.482526315789474
40	-0.649894736842105
41	-0.817263157894737
42	-0.984631578947369
43	-1.15368421052632
44	-1.2
45	-1.24631578947368
46	-1.29263157894737
47	-1.33726315789474
48	-1.38189473684211
49	-1.42652631578947
50	-1.47284210526316
51	-1.35010526315789
52	-1.22736842105263
