Ind	Score
1	-0.220210526315789
2	-0.244
3	-0.214947368421053
4	-0.178526315789474
5	-0.139157894736842
6	-0.0968421052631579
7	-0.051578947368421
8	-0.00631578947368415
9	0.0389473684210527
10	0.0842105263157895
11	0.151789473684211
12	0.219368421052632
13	0.286947368421053
14	0.354526315789474
15	0.430947368421053
16	0.507368421052631
17	0.582315789473684
18	0.657263157894737
19	0.73221052631579
20	0.804210526315789
21	0.876210526315789
22	0.893894736842105
23	0.890947368421052
24	0.885052631578947
25	0.876210526315789
26	0.864421052631579
27	0.852631578947368
28	0.840842105263158
29	0.829052631578947
30	0.814315789473684
31	0.796631578947368
32	0.777473684210526
33	0.752421052631579
34	0.67821052631579
35	0.604
36	0.532736842105263
37	0.461473684210527
38	0.39021052631579
39	0.324842105263158
40	0.259473684210526
41	0.197052631578948
42	0.161157894736842
43	0.125263157894737
44	0.0917894736842106
45	0.0583157894736843
46	0.024842105263158
47	-0.00863157894736838
48	-0.0421052631578947
49	-0.075578947368421
50	-0.106105263157895
51	-0.135157894736842
52	-0.158315789473684
