Ind	Score
1	-0.291368421052632
2	-0.324421052631579
3	-0.357473684210526
4	-0.396526315789474
5	-0.364105263157895
6	-0.331684210526316
7	-0.299263157894737
8	-0.266842105263158
9	-0.234421052631579
10	-0.202
11	-0.146
12	-0.0883157894736843
13	-0.0262105263157895
14	0.0358947368421052
15	0.099578947368421
16	0.164947368421053
17	0.231263157894737
18	0.292
19	0.353263157894737
20	0.416210526315789
21	0.479157894736842
22	0.542105263157895
23	0.612736842105263
24	0.613578947368421
25	0.614421052631579
26	0.614105263157895
27	0.618631578947368
28	0.626315789473684
29	0.634
30	0.640526315789474
31	0.606947368421053
32	0.438842105263158
33	0.270736842105263
34	0.101052631578947
35	-0.0703157894736843
36	-0.242631578947368
37	-0.409368421052632
38	-0.574947368421053
39	-0.740526315789474
40	-0.902631578947368
41	-1.05915789473684
42	-1.21621052631579
43	-1.37494736842105
44	-1.40821052631579
45	-1.44031578947368
46	-1.47726315789474
47	-1.51736842105263
48	-1.55747368421053
49	-1.59642105263158
50	-1.59526315789474
51	-1.45957894736842
52	-1.32389473684211
