Ind	Score
1	0.0218947368421053
2	0.0193684210526316
3	0.0168421052631579
4	0.0143157894736842
5	0.0492631578947368
6	0.0842105263157895
7	0.120842105263158
8	0.16
9	0.197473684210526
10	0.239157894736842
11	0.278315789473684
12	0.317473684210526
13	0.356631578947368
14	0.392421052631579
15	0.426526315789474
16	0.460631578947368
17	0.494736842105263
18	0.528842105263158
19	0.568842105263158
20	0.608842105263158
21	0.648842105263158
22	0.688210526315789
23	0.731368421052632
24	0.734526315789474
25	0.735157894736842
26	0.734105263157895
27	0.730526315789473
28	0.724
29	0.711578947368421
30	0.695368421052631
31	0.672421052631579
32	0.651157894736842
33	0.61221052631579
34	0.574947368421053
35	0.537684210526316
36	0.500421052631579
37	0.467368421052631
38	0.436
39	0.404631578947368
40	0.373263157894737
41	0.342526315789474
42	0.308
43	0.276
44	0.246526315789474
45	0.210947368421053
46	0.175368421052632
47	0.144421052631579
48	0.115157894736842
49	0.0888421052631578
50	0.0692631578947368
51	0.048
52	0.0477894736842105
53	0.047578947368421
