Ind	Score
1	-0.115789473684211
2	-0.132631578947368
3	-0.149473684210526
4	-0.166315789473684
5	-0.139368421052632
6	-0.112421052631579
7	-0.0795789473684211
8	-0.0425263157894737
9	-0.00547368421052633
10	0.0374736842105263
11	0.087578947368421
12	0.137684210526316
13	0.18778947368421
14	0.237894736842105
15	0.288
16	0.346105263157895
17	0.401263157894737
18	0.456421052631579
19	0.511578947368421
20	0.575578947368421
21	0.640421052631579
22	0.705263157894737
23	0.770105263157895
24	0.791157894736843
25	0.813052631578948
26	0.829052631578947
27	0.840842105263158
28	0.851789473684211
29	0.856842105263158
30	0.856
31	0.855157894736842
32	0.853473684210526
33	0.793684210526316
34	0.733894736842106
35	0.674947368421053
36	0.618947368421053
37	0.562947368421053
38	0.506947368421053
39	0.442947368421053
40	0.381894736842105
41	0.320842105263158
42	0.259789473684211
43	0.198736842105263
44	0.136842105263158
45	0.0880000000000001
46	0.0391578947368422
47	-0.00884210526315785
48	-0.0568421052631579
49	-0.0989473684210526
50	-0.141052631578947
51	-0.182315789473684
52	-0.165473684210526
53	-0.148631578947368
