Ind	Score
1	0.158315789473684
2	0.17
3	0.18
4	0.19
5	0.224421052631579
6	0.258842105263158
7	0.293263157894737
8	0.331894736842105
9	0.358736842105263
10	0.385578947368421
11	0.394315789473684
12	0.40178947368421
13	0.403789473684211
14	0.402842105263158
15	0.401894736842105
16	0.403894736842105
17	0.407684210526316
18	0.400947368421053
19	0.375684210526316
20	0.35421052631579
21	0.335368421052632
22	0.307684210526316
23	0.28
24	0.228736842105263
25	0.178315789473684
26	0.129578947368421
27	0.0766315789473685
28	0.0354736842105264
29	-0.00778947368421052
30	-0.0531578947368421
31	-0.0972631578947369
32	-0.124105263157895
33	-0.148
34	-0.171894736842105
35	-0.191578947368421
36	-0.202842105263158
37	-0.200631578947368
38	-0.179894736842105
39	-0.162105263157895
40	-0.146105263157895
41	-0.109052631578947
42	-0.0534736842105263
43	0.00126315789473682
44	0.0551578947368421
45	0.117894736842105
46	0.180631578947368
47	0.243368421052632
48	0.308210526315789
49	0.375157894736842
50	0.442105263157895
51	0.497263157894737
52	0.554526315789474
53	0.613894736842105
54	0.669052631578947
55	0.71578947368421
56	0.759578947368421
57	0.803368421052631
58	0.847157894736842
59	0.890947368421053
60	0.924210526315789
61	0.938947368421053
62	0.953684210526316
63	0.968421052631579
64	0.972631578947368
65	0.976842105263158
66	0.981052631578947
67	0.985263157894737
68	0.989473684210526
69	0.993684210526316
70	0.997894736842105
71	1
72	1
73	1
74	1
75	1
76	1
77	1
78	1
79	1
80	1
81	1
82	1
83	1
84	1
85	1
86	1
87	1
88	1
89	1
90	0.998315789473684
91	0.996631578947368
92	0.987368421052632
93	0.890526315789474
94	0.793684210526316
95	0.696842105263158
96	0.6
97	0.503157894736842
98	0.406315789473684
99	0.309473684210526
100	0.212631578947368
101	0.11578947368421
102	0.0189473684210525
103	-0.0778947368421053
104	-0.174736842105263
105	-0.227368421052632
106	-0.28
107	-0.332631578947369
108	-0.385263157894737
109	-0.43621052631579
110	-0.487157894736842
111	-0.530526315789474
112	-0.486315789473684
113	-0.442105263157895
