Ind	Score
1	-0.437894736842105
2	-0.482315789473684
3	-0.526736842105263
4	-0.571157894736842
5	-0.567368421052631
6	-0.561894736842105
7	-0.556421052631579
8	-0.546526315789474
9	-0.536631578947368
10	-0.522947368421053
11	-0.463157894736842
12	-0.397894736842105
13	-0.322105263157895
14	-0.246315789473684
15	-0.153473684210526
16	-0.0585263157894738
17	0.0385263157894736
18	0.135578947368421
19	0.232631578947368
20	0.329684210526316
21	0.426736842105263
22	0.52378947368421
23	0.62
24	0.668
25	0.714315789473684
26	0.760631578947369
27	0.802526315789474
28	0.844421052631579
29	0.87578947368421
30	0.897052631578947
31	0.845263157894737
32	0.780421052631579
33	0.679157894736842
34	0.560842105263158
35	0.440421052631579
36	0.317894736842105
37	0.195368421052632
38	0.072842105263158
39	-0.0496842105263157
40	-0.172210526315789
41	-0.294736842105263
42	-0.416421052631579
43	-0.538105263157895
44	-0.65978947368421
45	-0.711578947368421
46	-0.763368421052631
47	-0.815157894736842
48	-0.860210526315789
49	-0.901052631578947
50	-0.872210526315789
51	-0.838736842105263
52	-0.768842105263158
53	-0.698947368421052
