Ind	Score
1	-0.829473684210526
2	-0.912421052631579
3	-0.995368421052631
4	-1.07831578947368
5	-1.02568421052632
6	-0.973052631578947
7	-0.920421052631579
8	-0.86778947368421
9	-0.815157894736842
10	-0.762526315789474
11	-0.626947368421053
12	-0.491368421052632
13	-0.355789473684211
14	-0.22021052631579
15	-0.0846315789473685
16	0.0509473684210525
17	0.186526315789474
18	0.322105263157895
19	0.457684210526316
20	0.593263157894737
21	0.728842105263158
22	0.864421052631579
23	1
24	1
25	1
26	1
27	1
28	1
29	1
30	1
31	1
32	0.858947368421053
33	0.717894736842105
34	0.576842105263158
35	0.435789473684211
36	0.294736842105263
37	0.153684210526316
38	0.0126315789473684
39	-0.128421052631579
40	-0.269473684210526
41	-0.410526315789474
42	-0.551578947368421
43	-0.692631578947368
44	-0.745263157894737
45	-0.797894736842105
46	-0.850526315789474
47	-0.903157894736842
48	-0.955789473684211
49	-1.00842105263158
50	-1.06105263157895
51	-0.972631578947368
52	-0.884210526315789
