Ind	Score
1	-0.262947368421053
2	-0.303684210526316
3	-0.344421052631579
4	-0.385157894736842
5	-0.382
6	-0.379789473684211
7	-0.372631578947368
8	-0.363157894736842
9	-0.349263157894737
10	-0.331368421052632
11	-0.299578947368421
12	-0.266631578947368
13	-0.229052631578947
14	-0.186842105263158
15	-0.142315789473684
16	-0.0912631578947369
17	-0.034842105263158
18	0.0337894736842104
19	0.105157894736842
20	0.181894736842105
21	0.262842105263158
22	0.351368421052631
23	0.442631578947368
24	0.49
25	0.538315789473684
26	0.578421052631579
27	0.616210526315789
28	0.646105263157895
29	0.674105263157895
30	0.702105263157895
31	0.718947368421052
32	0.662315789473684
33	0.605684210526316
34	0.546736842105263
35	0.486631578947368
36	0.425368421052632
37	0.359473684210526
38	0.293578947368421
39	0.222315789473684
40	0.146842105263158
41	0.0637894736842105
42	-0.022
43	-0.107789473684211
44	-0.158315789473684
45	-0.205578947368421
46	-0.252842105263158
47	-0.296631578947368
48	-0.342526315789474
49	-0.388421052631579
50	-0.423157894736842
51	-0.387894736842105
52	-0.352631578947368
