Ind	Score
1	-0.210736842105263
2	-0.232842105263158
3	-0.209684210526316
4	-0.185052631578947
5	-0.160947368421053
6	-0.124105263157895
7	-0.0857894736842105
8	-0.0474736842105262
9	-0.00915789473684204
10	0.0291578947368422
11	0.0910526315789475
12	0.158842105263158
13	0.229578947368421
14	0.303263157894737
15	0.371052631578947
16	0.438842105263158
17	0.506631578947368
18	0.574421052631579
19	0.642210526315789
20	0.71
21	0.776315789473684
22	0.795894736842105
23	0.814
24	0.832631578947368
25	0.834631578947368
26	0.832210526315789
27	0.829789473684211
28	0.82
29	0.808736842105263
30	0.788631578947368
31	0.765578947368421
32	0.735157894736842
33	0.703263157894737
34	0.641368421052632
35	0.579473684210526
36	0.517578947368421
37	0.455684210526316
38	0.393789473684211
39	0.331894736842106
40	0.272947368421053
41	0.216947368421053
42	0.160947368421053
43	0.105473684210526
44	0.0666315789473686
45	0.0307368421052633
46	-0.00515789473684195
47	-0.0336842105263156
48	-0.060736842105263
49	-0.0863157894736841
50	-0.111894736842105
51	-0.131578947368421
52	-0.151263157894737
