Ind	Score
1	-0.223157894736842
2	-0.248421052631579
3	-0.228736842105263
4	-0.207578947368421
5	-0.180526315789474
6	-0.142631578947368
7	-0.104736842105263
8	-0.0653684210526315
9	-0.0259999999999999
10	0.0133684210526317
11	0.0706315789473686
12	0.127894736842105
13	0.188105263157895
14	0.266
15	0.343894736842105
16	0.421789473684211
17	0.499684210526316
18	0.577578947368421
19	0.655473684210526
20	0.733368421052632
21	0.811263157894737
22	0.844210526315789
23	0.865789473684211
24	0.88
25	0.883368421052632
26	0.885263157894737
27	0.885684210526316
28	0.886105263157895
29	0.882105263157895
30	0.875157894736842
31	0.86821052631579
32	0.849894736842105
33	0.822736842105263
34	0.744315789473684
35	0.665894736842105
36	0.587473684210526
37	0.509052631578947
38	0.430631578947369
39	0.35221052631579
40	0.273789473684211
41	0.195368421052632
42	0.136736842105263
43	0.0810526315789476
44	0.0397894736842107
45	1.94464327681712e-16
46	-0.0397894736842103
47	-0.0795789473684208
48	-0.114947368421052
49	-0.150315789473684
50	-0.185684210526316
51	-0.211157894736842
52	-0.236631578947368
