Ind	Score
1	-0.208842105263158
2	-0.232
3	-0.193684210526316
4	-0.155368421052632
5	-0.115578947368421
6	-0.0757894736842105
7	-0.0359999999999999
8	0.00378947368421057
9	0.0450526315789474
10	0.0863157894736842
11	0.139368421052632
12	0.192421052631579
13	0.268210526315789
14	0.344
15	0.419789473684211
16	0.495578947368421
17	0.571368421052632
18	0.647157894736842
19	0.722947368421053
20	0.798736842105263
21	0.874526315789474
22	0.888842105263158
23	0.903157894736842
24	0.916
25	0.928842105263158
26	0.941684210526316
27	0.954526315789474
28	0.958947368421053
29	0.958947368421053
30	0.957473684210526
31	0.954526315789474
32	0.914947368421053
33	0.870421052631579
34	0.791473684210526
35	0.712526315789474
36	0.633578947368421
37	0.554631578947368
38	0.475684210526316
39	0.396736842105263
40	0.317789473684211
41	0.238842105263158
42	0.159894736842105
43	0.0809473684210528
44	0.0283157894736844
45	-0.0243157894736841
46	-0.0769473684210525
47	-0.122631578947368
48	-0.163894736842105
49	-0.203684210526316
50	-0.242
51	-0.255052631578947
52	-0.263157894736842
