Ind	Score
1	-0.145157894736842
2	-0.159789473684211
3	-0.174421052631579
4	-0.19021052631579
5	-0.162526315789474
6	-0.132526315789474
7	-0.086842105263158
8	-0.0411578947368422
9	0.00684210526315781
10	0.0548421052631578
11	0.115157894736842
12	0.176631578947368
13	0.239263157894737
14	0.301894736842105
15	0.364526315789474
16	0.428315789473684
17	0.490947368421053
18	0.552421052631579
19	0.611578947368421
20	0.670736842105263
21	0.729894736842105
22	0.787894736842105
23	0.847052631578947
24	0.862736842105263
25	0.865684210526316
26	0.847157894736842
27	0.82978947368421
28	0.810105263157894
29	0.788105263157895
30	0.76378947368421
31	0.738315789473684
32	0.666631578947368
33	0.594947368421053
34	0.525578947368421
35	0.455052631578947
36	0.385684210526316
37	0.317473684210526
38	0.251578947368421
39	0.185684210526316
40	0.120947368421052
41	0.0585263157894735
42	-0.00157894736842122
43	-0.061684210526316
44	-0.0946315789473686
45	-0.121789473684211
46	-0.150105263157895
47	-0.178421052631579
48	-0.204421052631579
49	-0.226947368421053
50	-0.248315789473684
51	-0.224631578947368
52	-0.200947368421053
