Ind	Score
1	-0.382421052631579
2	-0.449263157894737
3	-0.516105263157895
4	-0.582947368421053
5	-0.605578947368421
6	-0.626526315789474
7	-0.639052631578947
8	-0.651578947368421
9	-0.662421052631579
10	-0.671157894736842
11	-0.644105263157895
12	-0.614526315789474
13	-0.584947368421053
14	-0.555368421052632
15	-0.523684210526316
16	-0.484
17	-0.437368421052632
18	-0.375263157894737
19	-0.299263157894737
20	-0.219473684210526
21	-0.132736842105263
22	-0.0389473684210527
23	0.0518947368421052
24	0.0976842105263157
25	0.14178947368421
26	0.177473684210526
27	0.204736842105263
28	0.221894736842105
29	0.234842105263158
30	0.233684210526316
31	0.231684210526316
32	0.225473684210526
33	0.0114736842105263
34	-0.203368421052632
35	-0.417789473684211
36	-0.632210526315789
37	-0.846631578947369
38	-1.06231578947368
39	-1.28178947368421
40	-1.50821052631579
41	-1.74168421052632
42	-1.97221052631579
43	-2.20021052631579
44	-2.42821052631579
45	-2.45136842105263
46	-2.46610526315789
47	-2.47242105263158
48	-2.47663157894737
49	-2.48
50	-2.48252631578947
51	-2.48084210526316
52	-2.27136842105263
53	-2.06189473684211
