Ind	Score
1	-0.186315789473684
2	-0.208631578947368
3	-0.183578947368421
4	-0.154526315789474
5	-0.120105263157895
6	-0.0797894736842105
7	-0.0394736842105262
8	0.0023157894736843
9	0.0441052631578948
10	0.0858947368421054
11	0.142631578947369
12	0.202315789473684
13	0.262
14	0.327578947368421
15	0.393157894736842
16	0.458736842105263
17	0.524315789473685
18	0.589894736842105
19	0.655473684210526
20	0.726947368421053
21	0.798421052631579
22	0.825473684210527
23	0.847052631578948
24	0.862315789473684
25	0.87021052631579
26	0.878105263157895
27	0.884526315789474
28	0.890947368421053
29	0.897368421052632
30	0.886526315789474
31	0.874210526315789
32	0.860421052631579
33	0.843684210526316
34	0.825473684210526
35	0.753473684210526
36	0.681473684210526
37	0.609473684210526
38	0.537473684210526
39	0.462526315789474
40	0.387578947368421
41	0.309684210526316
42	0.234736842105263
43	0.16221052631579
44	0.0926315789473686
45	0.0444210526315791
46	-0.00378947368421036
47	-0.0519999999999998
48	-0.100210526315789
49	-0.131157894736842
50	-0.162105263157895
51	-0.191578947368421
52	-0.221052631578947
53	-0.249052631578947
