Ind	Score
1	-0.218694736842105
2	-0.242652631578948
3	-0.26661052631579
4	-0.294778947368421
5	-0.2728
6	-0.242947368421053
7	-0.214063157894737
8	-0.189389473684211
9	-0.164715789473684
10	-0.140042105263158
11	-0.0966315789473686
12	-0.0532210526315791
13	-0.00686315789473697
14	0.0394947368421051
15	0.0910736842105262
16	0.141810526315789
17	0.192547368421052
18	0.243284210526316
19	0.299242105263158
20	0.3552
21	0.411157894736842
22	0.467115789473684
23	0.527284210526316
24	0.535621052631579
25	0.536084210526316
26	0.531621052631579
27	0.535578947368421
28	0.540378947368421
29	0.543284210526316
30	0.536294736842105
31	0.532673684210526
32	0.446315789473684
33	0.359957894736842
34	0.2736
35	0.188084210526315
36	0.102568421052631
37	0.0170526315789472
38	-0.073684210526316
39	-0.163578947368421
40	-0.253473684210527
41	-0.343368421052632
42	-0.433263157894737
43	-0.521473684210526
44	-0.551789473684211
45	-0.57621052631579
46	-0.604842105263158
47	-0.634315789473684
48	-0.661894736842105
49	-0.679578947368421
50	-0.700631578947368
51	-0.641894736842105
52	-0.583157894736842
