Ind	Score
1	-0.491578947368421
2	-0.541157894736842
3	-0.590736842105263
4	-0.640315789473684
5	-0.61
6	-0.565052631578947
7	-0.517789473684211
8	-0.469368421052632
9	-0.420947368421053
10	-0.372526315789474
11	-0.276631578947369
12	-0.180736842105263
13	-0.0827368421052633
14	0.0152631578947368
15	0.113263157894737
16	0.211263157894737
17	0.310210526315789
18	0.398210526315789
19	0.486210526315789
20	0.574210526315789
21	0.662210526315789
22	0.750210526315789
23	0.838210526315789
24	0.846315789473684
25	0.828947368421053
26	0.789157894736842
27	0.715473684210526
28	0.639473684210526
29	0.564421052631579
30	0.481263157894737
31	0.393473684210526
32	0.244
33	0.0945263157894737
34	-0.0549473684210526
35	-0.204421052631579
36	-0.354842105263158
37	-0.494315789473684
38	-0.633789473684211
39	-0.773263157894737
40	-0.911578947368421
41	-1.03894736842105
42	-1.16631578947368
43	-1.29368421052632
44	-1.32126315789474
45	-1.32873684210526
46	-1.30347368421053
47	-1.27589473684211
48	-1.24926315789474
49	-1.21452631578947
50	-1.17515789473684
51	-1.07410526315789
52	-0.973052631578947
