Ind	Score
1	-0.710315789473684
2	-0.782105263157895
3	-0.853894736842105
4	-0.925684210526316
5	-0.878105263157895
6	-0.830526315789474
7	-0.782105263157895
8	-0.730315789473684
9	-0.678526315789474
10	-0.626736842105263
11	-0.504
12	-0.381263157894737
13	-0.258526315789474
14	-0.135789473684211
15	-0.0130526315789474
16	0.109684210526316
17	0.232421052631579
18	0.355157894736842
19	0.477894736842105
20	0.601473684210526
21	0.725052631578948
22	0.848631578947369
23	0.97221052631579
24	0.977263157894737
25	0.982315789473684
26	0.985684210526316
27	0.985684210526316
28	0.985684210526316
29	0.985684210526316
30	0.985684210526316
31	0.985684210526316
32	0.830105263157895
33	0.674526315789474
34	0.518947368421053
35	0.363368421052632
36	0.207789473684211
37	0.0522105263157896
38	-0.103368421052631
39	-0.258947368421053
40	-0.414526315789474
41	-0.570105263157895
42	-0.725684210526316
43	-0.882105263157895
44	-0.934736842105263
45	-0.986526315789473
46	-1.03831578947368
47	-1.09010526315789
48	-1.14189473684211
49	-1.19368421052632
50	-1.24547368421053
51	-1.14168421052632
52	-1.03789473684211
