Ind	Score
1	0.101052631578947
2	0.10778947368421
3	0.114526315789474
4	0.121263157894737
5	0.152842105263158
6	0.184421052631579
7	0.216842105263158
8	0.224210526315789
9	0.237473684210526
10	0.253684210526316
11	0.258947368421053
12	0.26421052631579
13	0.272
14	0.280631578947368
15	0.289263157894737
16	0.297894736842105
17	0.306526315789474
18	0.315157894736842
19	0.328
20	0.340842105263158
21	0.353684210526316
22	0.366526315789474
23	0.383578947368421
24	0.37578947368421
25	0.368
26	0.359368421052632
27	0.375789473684211
28	0.382947368421052
29	0.386315789473684
30	0.388842105263158
31	0.413894736842105
32	0.427157894736842
33	0.377052631578947
34	0.326947368421053
35	0.276842105263158
36	0.226736842105263
37	0.176631578947368
38	0.126526315789474
39	0.0764210526315789
40	0.0263157894736842
41	-0.0237894736842106
42	-0.0781052631578948
43	-0.132421052631579
44	-0.186736842105263
45	-0.210526315789474
46	-0.234315789473684
47	-0.254736842105263
48	-0.274315789473684
49	-0.293052631578947
50	-0.334315789473684
51	-0.366315789473684
52	-0.335789473684211
53	-0.305263157894737
