Ind	Score
1	-0.414736842105263
2	-0.456210526315789
3	-0.497684210526316
4	-0.539157894736842
5	-0.508842105263158
6	-0.476210526315789
7	-0.443578947368421
8	-0.407473684210526
9	-0.36
10	-0.312526315789474
11	-0.220736842105263
12	-0.127789473684211
13	-0.0336842105263159
14	0.0604210526315789
15	0.154526315789474
16	0.248631578947368
17	0.342736842105263
18	0.436842105263158
19	0.530947368421053
20	0.625052631578947
21	0.716842105263158
22	0.808631578947368
23	0.899263157894737
24	0.918105263157895
25	0.934631578947368
26	0.947684210526316
27	0.957263157894737
28	0.955473684210526
29	0.952526315789474
30	0.942105263157895
31	0.930526315789474
32	0.832631578947368
33	0.734736842105263
34	0.636842105263158
35	0.538947368421053
36	0.441052631578947
37	0.343157894736842
38	0.245263157894737
39	0.147368421052632
40	0.0517894736842104
41	-0.0437894736842106
42	-0.13821052631579
43	-0.232631578947369
44	-0.281789473684211
45	-0.327473684210526
46	-0.373157894736842
47	-0.418842105263158
48	-0.463368421052632
49	-0.503263157894737
50	-0.543157894736842
51	-0.497894736842105
52	-0.452631578947368
