Ind	Score
1	-0.513684210526316
2	-0.568
3	-0.622315789473684
4	-0.676631578947369
5	-0.662315789473684
6	-0.648
7	-0.604631578947368
8	-0.558315789473684
9	-0.512
10	-0.464842105263158
11	-0.367157894736842
12	-0.266947368421053
13	-0.166736842105263
14	-0.0665263157894736
15	0.032842105263158
16	0.13221052631579
17	0.231578947368421
18	0.330105263157895
19	0.427789473684211
20	0.525473684210526
21	0.626105263157895
22	0.726736842105263
23	0.827368421052632
24	0.859368421052632
25	0.894315789473684
26	0.89221052631579
27	0.887157894736842
28	0.882105263157895
29	0.872
30	0.860631578947369
31	0.843368421052632
32	0.565052631578947
33	0.286736842105263
34	0.010105263157895
35	-0.266526315789474
36	-0.543157894736842
37	-0.818947368421053
38	-1.09305263157895
39	-1.36715789473684
40	-1.64126315789474
41	-1.91452631578947
42	-2.18694736842105
43	-2.45936842105263
44	-2.50863157894737
45	-2.54989473684211
46	-2.59115789473684
47	-2.63242105263158
48	-2.66947368421053
49	-2.70442105263158
50	-2.736
51	-2.50652631578947
52	-2.27705263157895
