Ind	Score
1	-0.741052631578947
2	-0.815157894736842
3	-0.889263157894737
4	-0.963368421052631
5	-0.956421052631579
6	-0.937368421052631
7	-0.902526315789473
8	-0.867684210526316
9	-0.828210526315789
10	-0.788736842105263
11	-0.675157894736842
12	-0.561578947368421
13	-0.448
14	-0.321789473684211
15	-0.195578947368421
16	-0.0698947368421053
17	0.0557894736842105
18	0.181473684210526
19	0.307157894736842
20	0.432842105263158
21	0.558526315789474
22	0.673684210526316
23	0.778315789473684
24	0.800736842105263
25	0.808947368421053
26	0.798105263157895
27	0.786105263157895
28	0.768315789473684
29	0.748842105263158
30	0.721263157894737
31	0.675473684210526
32	0.503894736842105
33	0.319684210526316
34	0.135473684210526
35	-0.0482105263157895
36	-0.231894736842105
37	-0.415578947368421
38	-0.599263157894737
39	-0.782421052631579
40	-0.965578947368421
41	-1.13821052631579
42	-1.30031578947368
43	-1.46126315789474
44	-1.48852631578947
45	-1.51252631578947
46	-1.53536842105263
47	-1.55705263157895
48	-1.57705263157895
49	-1.58894736842105
50	-1.58263157894737
51	-1.45052631578947
52	-1.31842105263158
