Ind	Score
1	-0.10421052631579
2	-0.114631578947368
3	-0.125052631578947
4	-0.135473684210526
5	-0.112526315789474
6	-0.0791578947368421
7	-0.0413684210526316
8	0.00684210526315781
9	0.0583157894736841
10	0.10978947368421
11	0.171684210526316
12	0.233578947368421
13	0.295473684210526
14	0.357368421052632
15	0.419263157894737
16	0.481157894736842
17	0.543052631578947
18	0.602631578947369
19	0.66221052631579
20	0.721789473684211
21	0.781368421052632
22	0.840947368421053
23	0.899368421052631
24	0.924421052631579
25	0.936736842105263
26	0.944631578947368
27	0.942105263157895
28	0.936315789473684
29	0.918947368421052
30	0.901578947368421
31	0.879578947368421
32	0.818631578947368
33	0.757684210526316
34	0.696736842105263
35	0.63578947368421
36	0.574842105263158
37	0.516210526315789
38	0.457578947368421
39	0.398947368421053
40	0.340315789473684
41	0.284
42	0.228842105263158
43	0.173684210526316
44	0.128
45	0.0823157894736841
46	0.0366315789473683
47	-0.00905263157894745
48	-0.0431578947368422
49	-0.0772631578947369
50	-0.106736842105263
51	-0.0972631578947369
52	-0.0877894736842106
