Ind	Score
1	0.088421052631579
2	0.0972631578947368
3	0.106105263157895
4	0.114947368421053
5	0.159157894736842
6	0.211789473684211
7	0.264421052631579
8	0.317052631578947
9	0.369684210526316
10	0.422315789473684
11	0.466105263157895
12	0.509894736842105
13	0.553684210526316
14	0.597473684210526
15	0.641263157894737
16	0.685052631578947
17	0.728842105263158
18	0.772631578947368
19	0.816421052631579
20	0.860210526315789
21	0.904
22	0.94778947368421
23	0.991578947368421
24	1
25	1
26	1
27	1
28	1
29	1
30	1
31	1
32	1
33	1
34	1
35	1
36	1
37	1
38	1
39	1
40	1
41	1
42	1
43	1
44	1
45	1
46	1
47	1
48	1
49	1
50	1
51	1
52	1
53	1
54	1
55	1
56	1
57	1
58	1
59	1
60	1
61	1
62	1
63	1
64	1
65	1
66	1
67	1
68	1
69	1
70	1
71	1
72	1
73	1
74	1
75	1
76	1
77	1
78	1
79	1
80	1
81	1
82	1
83	1
84	1
85	1
86	1
87	1
88	1
89	1
90	1
91	1
92	0.957894736842105
93	0.915789473684211
94	0.873684210526316
95	0.831578947368421
96	0.789473684210526
97	0.747368421052632
98	0.705263157894737
99	0.663157894736842
100	0.621052631578947
101	0.578947368421053
102	0.536842105263158
103	0.494736842105263
104	0.442105263157895
105	0.389473684210526
106	0.336842105263158
107	0.284210526315789
108	0.231578947368421
109	0.178947368421053
110	0.126315789473684
111	0.115789473684211
112	0.105263157894737
