Ind	Score
1	-0.55578947368421
2	-0.611368421052632
3	-0.666947368421053
4	-0.722526315789474
5	-0.688421052631579
6	-0.64
7	-0.587368421052631
8	-0.534736842105263
9	-0.482105263157895
10	-0.429473684210526
11	-0.321263157894737
12	-0.213052631578947
13	-0.104842105263158
14	0.00336842105263161
15	0.111578947368421
16	0.21978947368421
17	0.328
18	0.436210526315789
19	0.544421052631579
20	0.652631578947368
21	0.760842105263158
22	0.869052631578947
23	0.977263157894737
24	0.995789473684211
25	1
26	1
27	1
28	1
29	1
30	1
31	1
32	1
33	1
34	1
35	1
36	1
37	1
38	1
39	1
40	1
41	1
42	1
43	1
44	1
45	1
46	1
47	1
48	1
49	1
50	1
51	1
52	1
53	1
54	1
55	1
56	1
57	1
58	1
59	1
60	1
61	1
62	1
63	1
64	1
65	1
66	1
67	1
68	1
69	1
70	1
71	1
72	1
73	1
74	1
75	1
76	1
77	1
78	0.973052631578947
79	0.946105263157895
80	0.919157894736842
81	0.892210526315789
82	0.865263157894737
83	0.834105263157895
84	0.802947368421053
85	0.77178947368421
86	0.740631578947368
87	0.709473684210526
88	0.678315789473684
89	0.647157894736842
90	0.616
91	0.565473684210526
92	0.490526315789474
93	0.362526315789474
94	0.234526315789474
95	0.106526315789474
96	-0.0214736842105264
97	-0.122526315789474
98	-0.223578947368421
99	-0.324631578947369
100	-0.425684210526316
101	-0.499789473684211
102	-0.569684210526316
103	-0.639578947368421
104	-0.709473684210527
105	-0.730947368421053
106	-0.752421052631579
107	-0.773894736842106
108	-0.795368421052632
109	-0.816842105263158
110	-0.818947368421053
111	-0.796631578947369
112	-0.721263157894737
113	-0.645894736842105
