Ind	Score
1	-0.2
2	-0.22
3	-0.24
4	-0.26
5	-0.242210526315789
6	-0.22
7	-0.175473684210526
8	-0.129789473684211
9	-0.0806315789473684
10	-0.0314736842105264
11	0.0376842105263158
12	0.109157894736842
13	0.180631578947368
14	0.252105263157895
15	0.323578947368421
16	0.395052631578947
17	0.466526315789474
18	0.538
19	0.609473684210526
20	0.680947368421053
21	0.752421052631579
22	0.823894736842105
23	0.895368421052631
24	0.929052631578947
25	0.958315789473684
26	0.965263157894737
27	0.964105263157895
28	0.959473684210526
29	0.952526315789473
30	0.93978947368421
31	0.918947368421053
32	0.849684210526316
33	0.780421052631579
34	0.711157894736842
35	0.641894736842105
36	0.572631578947368
37	0.503368421052631
38	0.434105263157895
39	0.364842105263158
40	0.295578947368421
41	0.226315789473684
42	0.157052631578947
43	0.0877894736842104
44	0.0363157894736841
45	-0.0151578947368422
46	-0.0596842105263159
47	-0.10421052631579
48	-0.146421052631579
49	-0.182842105263158
50	-0.213473684210526
51	-0.195684210526316
52	-0.177894736842105
