Ind	Score
1	-0.158947368421053
2	-0.175578947368421
3	-0.137684210526316
4	-0.0983157894736842
5	-0.0545263157894737
6	-0.00778947368421046
7	0.0389473684210527
8	0.0842105263157896
9	0.129473684210526
10	0.17621052631579
11	0.235157894736842
12	0.294105263157895
13	0.358947368421053
14	0.42378947368421
15	0.488631578947368
16	0.553473684210526
17	0.618315789473684
18	0.683157894736842
19	0.748
20	0.812842105263158
21	0.877684210526316
22	0.888
23	0.896842105263158
24	0.901263157894737
25	0.902736842105263
26	0.904210526315789
27	0.908631578947368
28	0.913052631578947
29	0.916
30	0.918947368421053
31	0.926315789473684
32	0.930736842105263
33	0.935157894736842
34	0.939578947368421
35	0.944
36	0.948421052631579
37	0.952842105263158
38	0.957263157894737
39	0.961684210526316
40	0.966105263157894
41	0.970526315789473
42	0.974947368421053
43	0.979368421052632
44	0.983789473684211
45	0.98821052631579
46	0.991157894736842
47	0.994105263157895
48	0.997052631578948
49	1
50	1
51	1
52	1
53	1
54	1
55	1
56	1
57	1
58	1
59	1
60	1
61	1
62	1
63	1
64	1
65	1
66	1
67	1
68	1
69	1
70	1
71	1
72	1
73	1
74	1
75	1
76	1
77	0.998526315789474
78	0.997052631578948
79	0.995578947368421
80	0.994105263157895
81	0.992631578947369
82	0.991157894736842
83	0.98821052631579
84	0.985263157894737
85	0.980842105263158
86	0.976421052631579
87	0.972
88	0.966105263157895
89	0.958736842105263
90	0.951368421052632
91	0.930105263157895
92	0.908842105263158
93	0.878736842105263
94	0.845684210526316
95	0.769894736842105
96	0.697052631578947
97	0.62421052631579
98	0.551368421052632
99	0.478526315789474
100	0.405684210526316
101	0.332842105263158
102	0.262947368421053
103	0.193052631578948
104	0.126105263157895
105	0.0778947368421054
106	0.029684210526316
107	-0.0170526315789472
108	-0.062315789473684
109	-0.107578947368421
110	-0.138947368421052
111	-0.170315789473684
112	-0.192842105263158
113	-0.212421052631579
