Ind	Score
1	-0.797894736842105
2	-0.878526315789474
3	-0.959157894736842
4	-1.03978947368421
5	-1.02463157894737
6	-1.00273684210526
7	-0.974526315789474
8	-0.934526315789474
9	-0.885684210526316
10	-0.836842105263158
11	-0.708631578947368
12	-0.580421052631579
13	-0.452210526315789
14	-0.323157894736842
15	-0.192
16	-0.0608421052631578
17	0.0703157894736843
18	0.201473684210526
19	0.334736842105263
20	0.468
21	0.601263157894737
22	0.734526315789473
23	0.86778947368421
24	0.905263157894737
25	0.936
26	0.960421052631579
27	0.973052631578947
28	0.976842105263158
29	0.980631578947369
30	0.971789473684211
31	0.958736842105263
32	0.794736842105263
33	0.629894736842105
34	0.465052631578947
35	0.300210526315789
36	0.135368421052632
37	-0.0294736842105263
38	-0.196421052631579
39	-0.363368421052632
40	-0.530315789473684
41	-0.697263157894737
42	-0.864210526315789
43	-1.03115789473684
44	-1.08378947368421
45	-1.13642105263158
46	-1.18905263157895
47	-1.24168421052632
48	-1.29431578947368
49	-1.33515789473684
50	-1.37178947368421
51	-1.25747368421053
52	-1.14315789473684
