Ind	Score
1	-0.757894736842105
2	-0.833684210526316
3	-0.909473684210526
4	-0.985263157894737
5	-1.03915789473684
6	-1.09305263157895
7	-1.14105263157895
8	-1.18905263157895
9	-1.23705263157895
10	-1.24673684210526
11	-1.1461052631579
12	-1.03536842105263
13	-0.907789473684211
14	-0.78021052631579
15	-0.651789473684211
16	-0.523368421052632
17	-0.394947368421053
18	-0.266526315789474
19	-0.138105263157895
20	-0.00968421052631582
21	0.118736842105263
22	0.247157894736842
23	0.375578947368421
24	0.482105263157895
25	0.588631578947368
26	0.689263157894737
27	0.789894736842105
28	0.890526315789474
29	0.952842105263158
30	0.980631578947369
31	0.998315789473684
32	0.999157894736842
33	1
34	1
35	1
36	1
37	1
38	1
39	1
40	1
41	1
42	1
43	1
44	1
45	1
46	1
47	1
48	1
49	1
50	1
51	1
52	1
53	1
54	1
55	1
56	1
57	1
58	1
59	1
60	1
61	1
62	1
63	1
64	1
65	1
66	1
67	1
68	1
69	1
70	1
71	1
72	1
73	1
74	1
75	1
76	1
77	1
78	1
79	1
80	1
81	1
82	1
83	1
84	1
85	1
86	1
87	1
88	1
89	1
90	1
91	1
92	1
93	1
94	1
95	1
96	1
97	1
98	1
99	1
100	1
101	1
102	1
103	1
104	1
105	1
106	1
107	1
108	1
109	1
110	1
111	1
112	1
113	1
114	1
115	1
116	1
117	1
118	1
119	1
120	1
121	1
122	1
123	1
124	1
125	1
126	1
127	1
128	1
129	1
130	1
131	1
132	1
133	1
134	1
135	1
136	1
137	1
138	1
139	1
140	1
141	1
142	1
143	1
144	1
145	1
146	1
147	1
148	1
149	1
150	1
151	1
152	1
153	1
154	1
155	0.985263157894737
156	0.969684210526316
157	0.929684210526316
158	0.866105263157895
159	0.781894736842105
160	0.697684210526316
161	0.613473684210526
162	0.529263157894737
163	0.445052631578947
164	0.360842105263158
165	0.276631578947368
166	0.192421052631579
167	0.108210526315789
168	0.00336842105263157
169	-0.101473684210526
170	-0.206315789473684
171	-0.311157894736842
172	-0.416
173	-0.520842105263158
174	-0.610947368421053
175	-0.70021052631579
176	-0.765052631578947
177	-0.806315789473684
178	-0.81221052631579
179	-0.817263157894737
180	-0.797894736842105
181	-0.754947368421053
182	-0.694315789473684
183	-0.633684210526316
184	-0.576
185	-0.536
186	-0.496
187	-0.435368421052632
188	-0.374736842105263
189	-0.314105263157895
190	-0.253473684210526
191	-0.172210526315789
192	-0.0909473684210527
193	-0.00968421052631582
194	0.071578947368421
195	0.152842105263158
196	0.234105263157895
197	0.271578947368421
198	0.308210526315789
199	0.320421052631579
200	0.309052631578947
201	0.28
202	0.250947368421053
203	0.224842105263158
204	0.216421052631579
205	0.208
