Ind	Score
1	0.0669473684210526
2	0.0701052631578947
3	0.0732631578947368
4	0.0764210526315789
5	0.106736842105263
6	0.14
7	0.179157894736842
8	0.220842105263158
9	0.262526315789474
10	0.305052631578947
11	0.336
12	0.372
13	0.408
14	0.444
15	0.48
16	0.521052631578947
17	0.562105263157895
18	0.603157894736842
19	0.64421052631579
20	0.688631578947368
21	0.733052631578947
22	0.777473684210526
23	0.821894736842106
24	0.842526315789474
25	0.86021052631579
26	0.872
27	0.881263157894737
28	0.891368421052631
29	0.900631578947368
30	0.909894736842105
31	0.92
32	0.930105263157895
33	0.94021052631579
34	0.950315789473684
35	0.955368421052632
36	0.960421052631579
37	0.965473684210526
38	0.970526315789474
39	0.975578947368421
40	0.980631578947369
41	0.985684210526316
42	0.990736842105263
43	0.992421052631579
44	0.994105263157895
45	0.995789473684211
46	0.997473684210526
47	0.998315789473684
48	0.999157894736842
49	1
50	1
51	1
52	1
53	1
54	1
55	1
56	0.999157894736842
57	0.998315789473684
58	0.997473684210526
59	0.995789473684211
60	0.994105263157895
61	0.991578947368421
62	0.989052631578947
63	0.985684210526316
64	0.982315789473684
65	0.978947368421053
66	0.975578947368421
67	0.971368421052632
68	0.967157894736842
69	0.962947368421053
70	0.958736842105263
71	0.954421052631579
72	0.950105263157895
73	0.945789473684211
74	0.941473684210526
75	0.938
76	0.934526315789474
77	0.931052631578948
78	0.928421052631579
79	0.926631578947369
80	0.925684210526316
81	0.923894736842106
82	0.923789473684211
83	0.923684210526316
84	0.924421052631579
85	0.925157894736842
86	0.927578947368421
87	0.93
88	0.932421052631579
89	0.934
90	0.932736842105263
91	0.931473684210526
92	0.929368421052632
93	0.886631578947369
94	0.844
95	0.801368421052632
96	0.758736842105263
97	0.716105263157895
98	0.672631578947368
99	0.629157894736842
100	0.586526315789474
101	0.543052631578947
102	0.499578947368421
103	0.455263157894737
104	0.411789473684211
105	0.360947368421053
106	0.310105263157895
107	0.259263157894737
108	0.209263157894737
109	0.16221052631579
110	0.115157894736842
111	0.0689473684210527
112	0.0633684210526316
113	0.0576842105263158
