Ind	Score
1	-0.088421052631579
2	-0.0972631578947369
3	-0.106105263157895
4	-0.114947368421053
5	-0.0682105263157895
6	-0.0214736842105264
7	0.0252631578947368
8	0.0719999999999999
9	0.118736842105263
10	0.165473684210526
11	0.221052631578947
12	0.282526315789474
13	0.344
14	0.405473684210526
15	0.466947368421053
16	0.528421052631579
17	0.589894736842105
18	0.651368421052632
19	0.712842105263158
20	0.774315789473684
21	0.835789473684211
22	0.897263157894737
23	0.958736842105263
24	0.964631578947368
25	0.970526315789474
26	0.976421052631579
27	0.982315789473684
28	0.988210526315789
29	0.994105263157895
30	1
31	1
32	1
33	1
34	1
35	1
36	1
37	1
38	1
39	1
40	1
41	1
42	1
43	1
44	1
45	1
46	1
47	1
48	1
49	1
50	1
51	1
52	1
53	1
54	1
55	1
56	1
57	1
58	1
59	1
60	1
61	1
62	1
63	1
64	1
65	1
66	1
67	1
68	1
69	1
70	1
71	1
72	1
73	1
74	1
75	1
76	1
77	1
78	1
79	1
80	1
81	1
82	1
83	1
84	1
85	1
86	1
87	1
88	1
89	1
90	1
91	1
92	1
93	1
94	1
95	1
96	1
97	1
98	1
99	1
100	1
101	1
102	1
103	1
104	1
105	1
106	1
107	1
108	1
109	1
110	1
111	1
112	1
113	1
114	1
115	1
116	1
117	1
118	1
119	1
120	1
121	1
122	1
123	1
124	1
125	1
126	1
127	1
128	1
129	1
130	1
131	1
132	1
133	1
134	1
135	1
136	1
137	1
138	1
139	1
140	1
141	1
142	1
143	1
144	1
145	1
146	1
147	1
148	1
149	1
150	1
151	1
152	1
153	1
154	1
155	1
156	1
157	1
158	1
159	1
160	1
161	1
162	1
163	1
164	1
165	1
166	1
167	1
168	1
169	1
170	1
171	1
172	1
173	1
174	1
175	1
176	1
177	1
178	1
179	1
180	1
181	1
182	1
183	0.981473684210526
184	0.943578947368421
185	0.872842105263158
186	0.797894736842105
187	0.722947368421053
188	0.648
189	0.573052631578947
190	0.498105263157895
191	0.423157894736842
192	0.34821052631579
193	0.273263157894737
194	0.198315789473684
195	0.123368421052632
196	0.0484210526315789
197	-0.0265263157894737
198	-0.0791578947368421
199	-0.13178947368421
200	-0.184421052631579
201	-0.237052631578947
202	-0.271157894736842
203	-0.285894736842105
204	-0.267789473684211
205	-0.245473684210526
206	-0.223157894736842
