Ind	Score
1	-0.778947368421053
2	-0.856842105263158
3	-0.934736842105263
4	-1.01263157894737
5	-1.06821052631579
6	-1.12042105263158
7	-1.17263157894737
8	-1.22189473684211
9	-1.27115789473684
10	-1.32042105263158
11	-1.25642105263158
12	-1.15494736842105
13	-1.04336842105263
14	-0.912842105263158
15	-0.782315789473684
16	-0.651789473684211
17	-0.521263157894737
18	-0.390736842105263
19	-0.26021052631579
20	-0.129684210526316
21	0.000842105263157847
22	0.131368421052632
23	0.261894736842105
24	0.370105263157895
25	0.474947368421053
26	0.579789473684211
27	0.681684210526316
28	0.783578947368421
29	0.885473684210526
30	0.952
31	0.981052631578947
32	1
33	1
34	1
35	1
36	1
37	1
38	1
39	1
40	1
41	1
42	1
43	1
44	1
45	1
46	1
47	1
48	1
49	1
50	1
51	1
52	1
53	1
54	1
55	1
56	1
57	1
58	1
59	1
60	1
61	1
62	1
63	1
64	1
65	1
66	1
67	1
68	1
69	1
70	1
71	1
72	1
73	1
74	1
75	1
76	1
77	1
78	1
79	1
80	1
81	1
82	1
83	1
84	1
85	1
86	1
87	1
88	1
89	1
90	1
91	1
92	1
93	1
94	1
95	1
96	1
97	1
98	1
99	1
100	1
101	1
102	1
103	1
104	1
105	1
106	1
107	1
108	1
109	1
110	1
111	1
112	1
113	1
114	1
115	1
116	1
117	1
118	1
119	1
120	1
121	1
122	1
123	1
124	1
125	1
126	1
127	1
128	1
129	1
130	1
131	1
132	1
133	1
134	1
135	1
136	1
137	1
138	1
139	1
140	1
141	1
142	1
143	1
144	1
145	1
146	1
147	1
148	1
149	1
150	1
151	1
152	1
153	1
154	1
155	1
156	0.985263157894737
157	0.970526315789474
158	0.928421052631579
159	0.862736842105263
160	0.779368421052631
161	0.696
162	0.612631578947368
163	0.529263157894737
164	0.445894736842105
165	0.362526315789474
166	0.279157894736842
167	0.195789473684211
168	0.112421052631579
169	0.0054736842105263
170	-0.101473684210526
171	-0.208421052631579
172	-0.315368421052632
173	-0.422315789473684
174	-0.529263157894737
175	-0.621473684210526
176	-0.713684210526316
177	-0.778526315789474
178	-0.819789473684211
179	-0.828631578947369
180	-0.837473684210527
181	-0.818947368421053
182	-0.776842105263158
183	-0.717052631578948
184	-0.657263157894737
185	-0.597473684210526
186	-0.561263157894737
187	-0.525052631578947
188	-0.465263157894737
189	-0.405473684210526
190	-0.345684210526316
191	-0.285894736842105
192	-0.202526315789474
193	-0.119157894736842
194	-0.0357894736842105
195	0.0475789473684211
196	0.130947368421053
197	0.214315789473684
198	0.282947368421053
199	0.322526315789474
200	0.334736842105263
201	0.323368421052632
202	0.294315789473684
203	0.265263157894737
204	0.236210526315789
205	0.230736842105263
206	0.225263157894737
207	0.21978947368421
