Ind	Score
1	-0.757894736842105
2	-0.833684210526316
3	-0.909473684210526
4	-0.985263157894737
5	-1.03536842105263
6	-1.08252631578947
7	-1.12968421052632
8	-1.17684210526316
9	-1.18568421052632
10	-1.16084210526316
11	-1.05010526315789
12	-0.922526315789474
13	-0.794947368421052
14	-0.666526315789474
15	-0.538105263157895
16	-0.409684210526316
17	-0.281263157894737
18	-0.152842105263158
19	-0.0244210526315789
20	0.104
21	0.232421052631579
22	0.360842105263158
23	0.489263157894737
24	0.592
25	0.691789473684211
26	0.791578947368421
27	0.891368421052632
28	0.952842105263158
29	0.980631578947369
30	0.998315789473684
31	0.999157894736842
32	1
33	1
34	1
35	1
36	1
37	1
38	1
39	1
40	1
41	1
42	1
43	1
44	1
45	1
46	1
47	1
48	1
49	1
50	1
51	1
52	1
53	1
54	1
55	1
56	1
57	1
58	1
59	1
60	1
61	1
62	1
63	1
64	1
65	1
66	1
67	1
68	1
69	1
70	1
71	1
72	1
73	1
74	1
75	1
76	1
77	1
78	1
79	1
80	1
81	1
82	1
83	1
84	1
85	1
86	1
87	1
88	1
89	1
90	1
91	1
92	1
93	1
94	1
95	1
96	1
97	1
98	1
99	1
100	1
101	1
102	1
103	1
104	1
105	1
106	1
107	1
108	1
109	1
110	1
111	1
112	1
113	1
114	1
115	1
116	1
117	1
118	1
119	1
120	1
121	1
122	1
123	1
124	1
125	1
126	1
127	1
128	1
129	1
130	1
131	1
132	1
133	1
134	1
135	1
136	1
137	1
138	1
139	1
140	1
141	1
142	1
143	1
144	1
145	1
146	1
147	1
148	1
149	1
150	1
151	1
152	1
153	1
154	0.985263157894737
155	0.969684210526316
156	0.929684210526316
157	0.866105263157895
158	0.781894736842105
159	0.697684210526316
160	0.613473684210526
161	0.529263157894737
162	0.445052631578947
163	0.360842105263158
164	0.276631578947368
165	0.192421052631579
166	0.108210526315789
167	0.00336842105263157
168	-0.101473684210526
169	-0.206315789473684
170	-0.311157894736842
171	-0.416
172	-0.520842105263158
173	-0.610947368421053
174	-0.70021052631579
175	-0.765052631578947
176	-0.806315789473684
177	-0.81221052631579
178	-0.817263157894737
179	-0.797894736842105
180	-0.754947368421053
181	-0.691368421052632
182	-0.627789473684211
183	-0.584842105263158
184	-0.544842105263158
185	-0.504842105263158
186	-0.44421052631579
187	-0.383578947368421
188	-0.322947368421053
189	-0.262315789473684
190	-0.181052631578947
191	-0.0997894736842106
192	-0.0185263157894737
193	0.0627368421052631
194	0.144
195	0.225263157894737
196	0.291789473684211
197	0.328421052631579
198	0.340631578947368
199	0.329263157894737
200	0.297263157894737
201	0.265263157894737
202	0.253894736842105
203	0.245473684210526
204	0.237052631578947
205	0.228631578947368
