Ind	Score
1	-0.631578947368421
2	-0.694736842105263
3	-0.757894736842105
4	-0.821052631578947
5	-0.858526315789474
6	-0.896
7	-0.933473684210526
8	-0.941473684210526
9	-0.918315789473684
10	-0.881263157894737
11	-0.765473684210526
12	-0.649684210526316
13	-0.533894736842105
14	-0.418105263157895
15	-0.302315789473684
16	-0.186526315789474
17	-0.0707368421052632
18	0.0450526315789474
19	0.160842105263158
20	0.276631578947368
21	0.392421052631579
22	0.508210526315789
23	0.624
24	0.714105263157895
25	0.804210526315789
26	0.894315789473684
27	0.954947368421053
28	0.984421052631579
29	1
30	1
31	1
32	1
33	1
34	1
35	1
36	1
37	1
38	1
39	1
40	1
41	1
42	1
43	1
44	1
45	1
46	1
47	1
48	1
49	1
50	1
51	1
52	1
53	1
54	1
55	1
56	1
57	1
58	1
59	1
60	1
61	1
62	1
63	1
64	1
65	1
66	1
67	1
68	1
69	1
70	1
71	1
72	1
73	1
74	1
75	1
76	1
77	1
78	1
79	1
80	1
81	1
82	1
83	1
84	1
85	1
86	1
87	1
88	1
89	1
90	1
91	1
92	1
93	1
94	1
95	1
96	1
97	1
98	1
99	1
100	1
101	1
102	1
103	1
104	1
105	1
106	1
107	1
108	1
109	1
110	1
111	1
112	1
113	1
114	1
115	1
116	1
117	1
118	1
119	1
120	1
121	1
122	1
123	1
124	1
125	1
126	1
127	1
128	1
129	1
130	1
131	1
132	1
133	1
134	1
135	1
136	1
137	1
138	1
139	1
140	1
141	1
142	1
143	1
144	1
145	1
146	1
147	1
148	1
149	1
150	1
151	1
152	1
153	1
154	1
155	1
156	1
157	1
158	0.970526315789474
159	0.941052631578947
160	0.904842105263158
161	0.842105263157895
162	0.779368421052631
163	0.716631578947368
164	0.653894736842105
165	0.591157894736842
166	0.528421052631579
167	0.453894736842105
168	0.379368421052632
169	0.304842105263158
170	0.230315789473684
171	0.138105263157895
172	0.0458947368421053
173	-0.0463157894736842
174	-0.138526315789474
175	-0.230736842105263
176	-0.322947368421053
177	-0.385684210526316
178	-0.448421052631579
179	-0.504421052631579
180	-0.533894736842105
181	-0.533894736842105
182	-0.533894736842105
183	-0.527157894736842
184	-0.493894736842105
185	-0.460631578947369
186	-0.415578947368421
187	-0.370526315789474
188	-0.349052631578947
189	-0.327578947368421
190	-0.276631578947368
191	-0.225684210526316
192	-0.174736842105263
193	-0.123789473684211
194	-0.0551578947368421
195	0.0134736842105263
196	0.0821052631578947
197	0.150736842105263
198	0.219368421052632
199	0.288
200	0.327157894736842
201	0.337263157894737
202	0.340631578947368
203	0.317473684210526
204	0.294315789473684
205	0.271157894736842
206	0.248
207	0.248421052631579
208	0.248842105263158
209	0.237473684210526
