Ind	Score
1	0.0258947368421053
2	0.022
3	0.0181052631578947
4	0.0142105263157895
5	0.0508421052631579
6	0.0874736842105263
7	0.125263157894737
8	0.163052631578947
9	0.202947368421053
10	0.241684210526316
11	0.276210526315789
12	0.311894736842105
13	0.347578947368421
14	0.37978947368421
15	0.412
16	0.444210526315789
17	0.476421052631579
18	0.508631578947368
19	0.543157894736842
20	0.577684210526316
21	0.616842105263158
22	0.656
23	0.697473684210526
24	0.698421052631579
25	0.704
26	0.706105263157895
27	0.708210526315789
28	0.709368421052631
29	0.709578947368421
30	0.705578947368421
31	0.700421052631579
32	0.694315789473684
33	0.692842105263158
34	0.692526315789474
35	0.69221052631579
36	0.691894736842105
37	0.693894736842105
38	0.695894736842105
39	0.697894736842105
40	0.699894736842105
41	0.701894736842105
42	0.701578947368421
43	0.701263157894737
44	0.696315789473684
45	0.693684210526316
46	0.691052631578947
47	0.686105263157894
48	0.683263157894737
49	0.688105263157894
50	0.692947368421053
51	0.698736842105263
52	0.70778947368421
53	0.721052631578947
54	0.734315789473684
55	0.748526315789473
56	0.760421052631579
57	0.769052631578947
58	0.777684210526316
59	0.786315789473684
60	0.796105263157895
61	0.800526315789474
62	0.804947368421053
63	0.808210526315789
64	0.811473684210526
65	0.814736842105263
66	0.818
67	0.820736842105263
68	0.821157894736842
69	0.821578947368421
70	0.821052631578947
71	0.812315789473684
72	0.798210526315789
73	0.784105263157895
74	0.769052631578947
75	0.754
76	0.742210526315789
77	0.730421052631579
78	0.716315789473684
79	0.701052631578947
80	0.694421052631579
81	0.68778947368421
82	0.682315789473684
83	0.676842105263158
84	0.676736842105263
85	0.67778947368421
86	0.680526315789474
87	0.678631578947368
88	0.674421052631579
89	0.662315789473684
90	0.654526315789474
91	0.642105263157895
92	0.624105263157895
93	0.57978947368421
94	0.539263157894737
95	0.498736842105263
96	0.458210526315789
97	0.42
98	0.381789473684211
99	0.340315789473684
100	0.298842105263158
101	0.260842105263158
102	0.222842105263158
103	0.179473684210526
104	0.136105263157895
105	0.0945263157894737
106	0.0575789473684211
107	0.0229473684210527
108	-0.00284210526315788
109	-0.0291578947368421
110	-0.0508421052631579
111	-0.0669473684210526
112	-0.0567368421052631
113	-0.0503157894736842
