Ind	Score
1	-0.416842105263158
2	-0.458526315789474
3	-0.50021052631579
4	-0.541894736842105
5	-0.527578947368421
6	-0.496842105263158
7	-0.459789473684211
8	-0.414736842105263
9	-0.368
10	-0.317052631578948
11	-0.222736842105263
12	-0.128421052631579
13	-0.0341052631578948
14	0.0602105263157894
15	0.154526315789474
16	0.248842105263158
17	0.343157894736842
18	0.437473684210526
19	0.527578947368421
20	0.614315789473684
21	0.698526315789474
22	0.782736842105263
23	0.864
24	0.886315789473684
25	0.880421052631579
26	0.868210526315789
27	0.848
28	0.825263157894737
29	0.792842105263158
30	0.744
31	0.694315789473684
32	0.618526315789474
33	0.542736842105263
34	0.466947368421053
35	0.391157894736842
36	0.315368421052632
37	0.239578947368421
38	0.168
39	0.0997894736842106
40	0.0341052631578948
41	-0.031578947368421
42	-0.0901052631578946
43	-0.142315789473684
44	-0.167157894736842
45	-0.192
46	-0.216842105263158
47	-0.240842105263158
48	-0.259368421052632
49	-0.263157894736842
50	-0.266105263157895
51	-0.242947368421053
52	-0.219789473684211
