Ind	Score
1	-0.0256842105263159
2	-0.0374736842105265
3	-0.049263157894737
4	-0.0610526315789476
5	-0.0555789473684212
6	-0.0501052631578949
7	-0.0404210526315791
8	-0.0307368421052633
9	-0.0210526315789476
10	-0.0105263157894739
11	-0.0202105263157896
12	-0.0151578947368423
13	-0.000421052631579115
14	0.0218947368421051
15	0.0458947368421051
16	0.0875789473684209
17	0.138105263157895
18	0.190315789473684
19	0.243368421052631
20	0.302315789473684
21	0.362947368421053
22	0.423578947368421
23	0.485052631578947
24	0.532210526315789
25	0.579368421052632
26	0.622315789473684
27	0.665263157894737
28	0.708210526315789
29	0.750315789473684
30	0.792421052631579
31	0.834526315789474
32	0.874105263157895
33	0.895157894736842
34	0.910315789473684
35	0.910736842105263
36	0.904
37	0.895578947368421
38	0.887157894736842
39	0.875789473684211
40	0.862736842105263
41	0.849684210526316
42	0.835789473684211
43	0.818947368421053
44	0.802105263157895
45	0.785263157894737
46	0.768421052631579
47	0.751578947368421
48	0.734736842105263
49	0.717894736842105
50	0.701052631578947
51	0.684210526315789
52	0.68
53	0.68
54	0.68
55	0.68
56	0.692631578947368
57	0.709473684210526
58	0.726315789473684
59	0.743157894736842
60	0.76
61	0.776842105263158
62	0.792842105263158
63	0.808842105263158
64	0.824842105263158
65	0.840842105263158
66	0.856842105263158
67	0.872842105263158
68	0.888842105263158
69	0.903157894736842
70	0.917473684210526
71	0.930947368421053
72	0.944421052631579
73	0.957894736842105
74	0.971368421052631
75	0.972210526315789
76	0.968842105263158
77	0.964631578947368
78	0.960421052631579
79	0.95621052631579
80	0.949894736842106
81	0.936
82	0.922105263157895
83	0.907368421052632
84	0.892631578947369
85	0.878736842105263
86	0.864842105263158
87	0.850947368421053
88	0.837894736842105
89	0.824842105263158
90	0.811789473684211
91	0.795368421052632
92	0.780631578947368
93	0.723368421052631
94	0.666947368421053
95	0.610526315789474
96	0.554947368421053
97	0.499368421052632
98	0.443789473684211
99	0.390315789473684
100	0.346105263157895
101	0.301894736842105
102	0.258526315789474
103	0.217263157894737
104	0.183578947368421
105	0.145684210526316
106	0.107789473684211
107	0.0707368421052632
108	0.0336842105263159
109	-0.0025263157894736
110	-0.0353684210526315
111	-0.0698947368421052
112	-0.0618947368421052
113	-0.0547368421052631
