Ind	Score
1	-0.0176842105263158
2	-0.0206315789473684
3	-0.023578947368421
4	-0.0265263157894737
5	0.00547368421052632
6	0.0383157894736842
7	0.0749473684210527
8	0.114105263157895
9	0.154947368421053
10	0.197473684210526
11	0.240421052631579
12	0.290105263157895
13	0.339789473684211
14	0.389473684210526
15	0.440842105263158
16	0.493894736842105
17	0.546947368421053
18	0.6
19	0.654736842105263
20	0.710315789473685
21	0.765894736842105
22	0.821473684210526
23	0.877052631578948
24	0.897684210526316
25	0.917473684210526
26	0.933473684210526
27	0.946947368421053
28	0.958736842105263
29	0.968842105263158
30	0.978105263157895
31	0.981473684210526
32	0.984842105263158
33	0.98821052631579
34	0.991578947368421
35	0.994105263157895
36	0.996631578947369
37	0.999157894736842
38	1
39	1
40	1
41	1
42	0.999368421052632
43	0.998736842105263
44	0.998105263157895
45	0.996842105263158
46	0.995578947368421
47	0.994315789473684
48	0.993052631578947
49	0.99178947368421
50	0.990526315789473
51	0.989263157894737
52	0.988
53	0.986736842105263
54	0.985473684210526
55	0.984210526315789
56	0.982947368421053
57	0.97578947368421
58	0.968631578947368
59	0.961473684210526
60	0.954315789473684
61	0.947789473684211
62	0.941263157894737
63	0.934736842105263
64	0.928842105263158
65	0.923578947368421
66	0.918315789473684
67	0.913052631578947
68	0.908421052631579
69	0.90378947368421
70	0.899157894736842
71	0.894526315789473
72	0.889052631578947
73	0.883578947368421
74	0.878105263157895
75	0.872631578947369
76	0.873052631578948
77	0.873473684210527
78	0.873894736842106
79	0.874315789473685
80	0.880631578947369
81	0.886947368421053
82	0.893263157894737
83	0.899578947368421
84	0.905263157894737
85	0.910947368421053
86	0.916631578947369
87	0.921684210526316
88	0.926736842105263
89	0.931789473684211
90	0.936842105263158
91	0.942736842105263
92	0.946105263157895
93	0.906947368421053
94	0.86778947368421
95	0.829473684210526
96	0.791157894736842
97	0.752842105263158
98	0.714526315789474
99	0.670315789473684
100	0.626105263157895
101	0.581894736842105
102	0.537684210526316
103	0.493473684210526
104	0.449263157894737
105	0.397473684210526
106	0.345684210526316
107	0.293894736842105
108	0.242105263157895
109	0.190315789473684
110	0.138526315789474
111	0.0892631578947368
112	0.0825263157894736
113	0.0757894736842105
