Ind	Score
1	-0.311578947368421
2	-0.342736842105263
3	-0.373894736842106
4	-0.405052631578948
5	-0.392842105263158
6	-0.375157894736842
7	-0.354315789473685
8	-0.320631578947369
9	-0.281052631578948
10	-0.235578947368421
11	-0.16021052631579
12	-0.0823157894736844
13	-0.000631578947368535
14	0.0810526315789473
15	0.162105263157895
16	0.243157894736842
17	0.322105263157895
18	0.401052631578947
19	0.477473684210526
20	0.553894736842105
21	0.630315789473684
22	0.70378947368421
23	0.773894736842105
24	0.797684210526316
25	0.810105263157895
26	0.819368421052632
27	0.803157894736842
28	0.780210526315789
29	0.742947368421052
30	0.706947368421052
31	0.664631578947368
32	0.578736842105263
33	0.492842105263158
34	0.409684210526316
35	0.326526315789474
36	0.245473684210526
37	0.164421052631579
38	0.0865263157894737
39	0.00863157894736843
40	-0.0671578947368421
41	-0.14
42	-0.206947368421053
43	-0.270947368421053
44	-0.301052631578947
45	-0.331157894736842
46	-0.348631578947368
47	-0.365263157894737
48	-0.373473684210526
49	-0.381684210526316
50	-0.386105263157895
51	-0.350736842105263
52	-0.315368421052632
