Ind	Score
1	0.0976842105263158
2	0.0837894736842105
3	0.0330526315789473
4	-0.0235789473684211
5	-0.0473684210526316
6	-0.0703157894736842
7	-0.0877894736842106
8	-0.105263157894737
9	-0.122736842105263
10	-0.14021052631579
11	-0.171157894736842
12	-0.202105263157895
13	-0.233052631578947
14	-0.264
15	-0.294947368421053
16	-0.328842105263158
17	-0.35978947368421
18	-0.390736842105263
19	-0.420842105263158
20	-0.427368421052631
21	-0.430947368421053
22	-0.397684210526316
23	-0.357684210526316
24	-0.326947368421052
25	-0.297052631578947
26	-0.23578947368421
27	-0.168631578947368
28	-0.101473684210526
29	-0.0343157894736841
30	0.032842105263158
31	0.1
32	0.167157894736842
33	0.234315789473684
34	0.301473684210526
35	0.371578947368421
36	0.441684210526316
37	0.511789473684211
38	0.581894736842105
39	0.654947368421053
40	0.725052631578948
41	0.795157894736842
42	0.864421052631579
43	0.910105263157895
44	0.955789473684211
45	0.964631578947369
46	0.967578947368421
47	0.970526315789474
48	0.973473684210526
49	0.976421052631579
50	0.979368421052632
51	0.982315789473684
52	0.985263157894737
53	0.98821052631579
54	0.991157894736842
55	0.994105263157895
56	0.997052631578948
57	1
58	1
59	1
60	1
61	1
62	1
63	1
64	1
65	1
66	1
67	1
68	1
69	1
70	1
71	0.977894736842105
72	0.93221052631579
73	0.886526315789474
74	0.840842105263158
75	0.795157894736842
76	0.731789473684211
77	0.668421052631579
78	0.605052631578948
79	0.541684210526316
80	0.478315789473684
81	0.414947368421053
82	0.345684210526316
83	0.276421052631579
84	0.207157894736842
85	0.137894736842105
86	0.0686315789473684
87	-0.00147368421052633
88	-0.0732631578947369
89	-0.145894736842105
90	-0.196421052631579
91	-0.228842105263158
92	-0.299578947368421
93	-0.370315789473684
94	-0.418947368421053
95	-0.426315789473684
96	-0.433684210526316
97	-0.441052631578947
98	-0.448421052631579
99	-0.438105263157895
100	-0.42778947368421
101	-0.411578947368421
102	-0.395368421052631
103	-0.379157894736842
104	-0.362526315789474
105	-0.345894736842105
106	-0.328421052631579
107	-0.309263157894737
108	-0.289263157894737
109	-0.269263157894737
110	-0.243789473684211
111	-0.18
112	-0.116210526315789
