Ind	Score
1	0.126315789473684
2	0.136842105263158
3	0.146526315789474
4	0.153684210526316
5	0.184
6	0.215157894736842
7	0.246315789473684
8	0.279157894736842
9	0.312842105263158
10	0.346526315789474
11	0.366315789473684
12	0.387789473684211
13	0.409263157894737
14	0.430736842105263
15	0.460631578947369
16	0.490526315789474
17	0.520421052631579
18	0.551157894736842
19	0.581894736842105
20	0.612631578947369
21	0.645894736842105
22	0.680842105263158
23	0.718315789473684
24	0.732631578947369
25	0.746105263157895
26	0.760421052631579
27	0.773473684210527
28	0.787789473684211
29	0.802105263157895
30	0.816421052631579
31	0.829052631578947
32	0.841684210526316
33	0.854315789473684
34	0.858526315789474
35	0.862736842105264
36	0.867368421052632
37	0.869789473684211
38	0.87221052631579
39	0.874631578947369
40	0.877052631578947
41	0.878631578947368
42	0.88021052631579
43	0.881789473684211
44	0.881263157894737
45	0.879894736842105
46	0.871789473684211
47	0.861578947368421
48	0.851368421052632
49	0.841157894736842
50	0.833052631578947
51	0.824947368421053
52	0.814315789473684
53	0.803684210526316
54	0.793052631578947
55	0.784526315789474
56	0.778210526315789
57	0.771894736842105
58	0.765578947368421
59	0.758
60	0.752631578947368
61	0.747263157894737
62	0.736
63	0.720947368421053
64	0.705894736842105
65	0.697157894736842
66	0.688421052631579
67	0.681789473684211
68	0.675157894736842
69	0.672736842105263
70	0.670315789473684
71	0.670421052631579
72	0.670526315789474
73	0.670631578947369
74	0.670736842105263
75	0.673368421052632
76	0.676
77	0.678631578947368
78	0.68
79	0.67621052631579
80	0.672421052631579
81	0.674526315789474
82	0.683368421052632
83	0.69221052631579
84	0.701052631578948
85	0.715789473684211
86	0.734315789473684
87	0.752
88	0.762526315789474
89	0.77221052631579
90	0.776842105263158
91	0.776421052631579
92	0.774315789473684
93	0.741473684210527
94	0.706105263157895
95	0.670736842105263
96	0.635368421052632
97	0.6
98	0.567578947368421
99	0.535157894736842
100	0.502736842105263
101	0.469473684210527
102	0.439157894736842
103	0.408842105263158
104	0.372631578947369
105	0.322947368421053
106	0.274105263157895
107	0.226105263157895
108	0.178947368421053
109	0.136842105263158
110	0.0997894736842107
111	0.0644210526315791
112	0.0597894736842107
113	0.0551578947368422
