Ind	Score
1	-0.217684210526316
2	-0.239452631578947
3	-0.261221052631579
4	-0.282989473684211
5	-0.255831578947368
6	-0.222778947368421
7	-0.189726315789474
8	-0.150568421052632
9	-0.110568421052632
10	-0.0688842105263158
11	-0.00458947368421053
12	0.0622315789473684
13	0.133263157894737
14	0.204294736842105
15	0.278694736842105
16	0.353094736842105
17	0.427494736842105
18	0.501894736842105
19	0.576294736842105
20	0.650694736842105
21	0.725094736842105
22	0.799494736842105
23	0.873894736842105
24	0.899368421052631
25	0.918947368421053
26	0.938526315789474
27	0.950736842105263
28	0.904
29	0.850526315789473
30	0.796210526315789
31	0.732631578947368
32	0.647368421052631
33	0.562105263157895
34	0.473473684210526
35	0.384842105263158
36	0.29621052631579
37	0.207578947368421
38	0.118947368421053
39	0.0303157894736842
40	-0.0583157894736842
41	-0.146947368421053
42	-0.235578947368421
43	-0.324210526315789
44	-0.376842105263158
45	-0.429473684210526
46	-0.480842105263158
47	-0.474105263157895
48	-0.462315789473684
49	-0.450526315789474
50	-0.432
51	-0.396
52	-0.36
