Ind	Score
1	-0.397263157894737
2	-0.437789473684211
3	-0.478315789473684
4	-0.518842105263158
5	-0.490736842105263
6	-0.453368421052632
7	-0.411368421052632
8	-0.359578947368421
9	-0.307789473684211
10	-0.256
11	-0.164526315789474
12	-0.0730526315789473
13	0.018421052631579
14	0.109894736842105
15	0.201368421052632
16	0.292842105263158
17	0.384315789473684
18	0.474631578947368
19	0.564947368421053
20	0.655684210526316
21	0.744526315789474
22	0.83221052631579
23	0.918736842105263
24	0.937052631578947
25	0.946526315789474
26	0.951368421052632
27	0.946421052631579
28	0.941473684210526
29	0.928421052631579
30	0.915368421052632
31	0.901157894736842
32	0.871052631578948
33	0.789263157894737
34	0.707473684210526
35	0.625684210526316
36	0.543894736842105
37	0.463263157894737
38	0.382631578947368
39	0.302
40	0.223684210526316
41	0.147684210526316
42	0.0728421052631577
43	-0.00242105263157918
44	-0.0757894736842107
45	-0.122631578947369
46	-0.169473684210527
47	-0.216315789473684
48	-0.255052631578948
49	-0.293789473684211
50	-0.331368421052632
51	-0.353052631578948
52	-0.323052631578947
53	-0.293052631578947
