Ind	Score
1	0.341894736842105
2	0.34821052631579
3	0.354526315789474
4	0.360842105263158
5	0.370947368421053
6	0.374315789473684
7	0.377684210526316
8	0.381052631578947
9	0.368210526315789
10	0.346526315789474
11	0.281894736842105
12	0.217263157894737
13	0.150105263157895
14	0.0787368421052633
15	0.00821052631578958
16	-0.0593684210526315
17	-0.124421052631579
18	-0.189473684210526
19	-0.226315789473684
20	-0.257263157894737
21	-0.285684210526316
22	-0.314105263157895
23	-0.315157894736842
24	-0.317052631578947
25	-0.312210526315789
26	-0.307368421052631
27	-0.302526315789474
28	-0.275578947368421
29	-0.233052631578947
30	-0.190526315789474
31	-0.148
32	-0.0867368421052631
33	-0.0124210526315789
34	0.0618947368421053
35	0.136210526315789
36	0.213052631578947
37	0.294105263157895
38	0.374315789473684
39	0.451578947368421
40	0.526315789473684
41	0.601052631578947
42	0.648421052631579
43	0.690736842105263
44	0.733052631578947
45	0.775368421052631
46	0.817684210526316
47	0.854105263157895
48	0.883789473684211
49	0.913473684210526
50	0.943157894736842
51	0.956631578947368
52	0.961263157894737
53	0.965894736842105
54	0.970526315789474
55	0.972631578947368
56	0.970526315789474
57	0.968421052631579
58	0.966315789473684
59	0.964210526315789
60	0.962105263157895
61	0.96
62	0.96
63	0.96
64	0.96
65	0.96
66	0.962105263157895
67	0.964210526315789
68	0.966315789473684
69	0.968421052631579
70	0.970526315789474
71	0.972631578947368
72	0.974736842105263
73	0.976842105263158
74	0.978947368421053
75	0.97221052631579
76	0.965473684210526
77	0.958736842105263
78	0.952
79	0.945263157894737
80	0.938526315789474
81	0.931789473684211
82	0.925052631578948
83	0.918315789473684
84	0.910736842105263
85	0.901052631578947
86	0.879578947368421
87	0.857263157894737
88	0.814947368421053
89	0.767578947368421
90	0.717263157894737
91	0.643368421052632
92	0.563578947368421
93	0.476631578947369
94	0.398526315789474
95	0.320421052631579
96	0.242315789473684
97	0.164210526315789
98	0.0949473684210527
99	0.0256842105263159
100	-0.043578947368421
101	-0.112842105263158
102	-0.182105263157895
103	-0.250526315789474
104	-0.318947368421052
105	-0.350105263157895
106	-0.380421052631579
107	-0.390736842105263
108	-0.396
109	-0.398315789473684
110	-0.377052631578947
111	-0.349894736842105
112	-0.315578947368421
113	-0.281263157894737
