Ind	Score
1	0.206315789473684
2	0.226947368421053
3	0.247578947368421
4	0.268210526315789
5	0.319157894736842
6	0.365052631578947
7	0.390315789473684
8	0.406736842105263
9	0.416421052631579
10	0.425263157894737
11	0.413473684210526
12	0.401684210526316
13	0.389894736842105
14	0.378105263157895
15	0.366315789473684
16	0.354526315789474
17	0.342736842105263
18	0.330947368421053
19	0.319157894736842
20	0.307368421052632
21	0.295578947368421
22	0.283789473684211
23	0.272
24	0.229894736842105
25	0.192842105263158
26	0.176421052631579
27	0.168842105263158
28	0.168
29	0.173894736842105
30	0.201263157894737
31	0.237473684210526
32	0.280421052631579
33	0.324210526315789
34	0.368
35	0.41178947368421
36	0.455578947368421
37	0.499368421052631
38	0.543157894736842
39	0.586947368421053
40	0.630736842105263
41	0.674526315789473
42	0.718315789473684
43	0.762105263157895
44	0.805894736842105
45	0.849684210526316
46	0.893473684210526
47	0.937263157894737
48	0.975157894736842
49	0.991578947368421
50	0.999157894736842
51	1
52	1
53	1
54	1
55	1
56	1
57	1
58	1
59	1
60	1
61	1
62	1
63	1
64	1
65	1
66	1
67	1
68	1
69	1
70	1
71	1
72	1
73	1
74	1
75	1
76	1
77	1
78	1
79	1
80	1
81	1
82	1
83	1
84	0.997052631578948
85	0.994105263157895
86	0.991157894736842
87	0.98821052631579
88	0.985263157894737
89	0.982315789473684
90	0.978526315789474
91	0.963789473684211
92	0.94821052631579
93	0.872421052631579
94	0.796631578947369
95	0.720842105263158
96	0.645052631578947
97	0.569263157894737
98	0.493473684210526
99	0.417684210526316
100	0.341894736842105
101	0.266105263157895
102	0.190315789473684
103	0.117473684210526
104	0.0446315789473685
105	-0.00505263157894729
106	-0.0547368421052631
107	-0.104421052631579
108	-0.154105263157895
109	-0.202947368421053
110	-0.240842105263158
111	-0.277894736842105
112	-0.254736842105263
113	-0.231578947368421
