Ind	Score
1	0.484210526315789
2	0.532631578947368
3	0.566315789473684
4	0.597052631578947
5	0.632
6	0.666947368421053
7	0.70021052631579
8	0.712842105263158
9	0.722526315789474
10	0.73221052631579
11	0.693473684210526
12	0.654736842105263
13	0.616
14	0.570526315789474
15	0.525052631578947
16	0.479578947368421
17	0.434105263157895
18	0.388631578947368
19	0.343157894736842
20	0.297684210526316
21	0.252210526315789
22	0.218947368421053
23	0.185263157894737
24	0.144
25	0.101894736842105
26	0.0736842105263158
27	0.0690526315789473
28	0.0673684210526315
29	0.0656842105263157
30	0.0656842105263157
31	0.0863157894736842
32	0.109894736842105
33	0.140210526315789
34	0.170526315789474
35	0.187368421052632
36	0.204210526315789
37	0.227789473684211
38	0.251368421052632
39	0.274947368421053
40	0.298526315789474
41	0.324631578947368
42	0.354105263157895
43	0.386947368421053
44	0.420631578947368
45	0.444631578947368
46	0.469052631578947
47	0.496842105263158
48	0.525473684210526
49	0.554947368421053
50	0.563789473684211
51	0.569684210526316
52	0.575578947368421
53	0.577263157894737
54	0.584
55	0.590736842105263
56	0.590736842105263
57	0.590736842105263
58	0.604210526315789
59	0.617684210526316
60	0.631157894736842
61	0.644631578947369
62	0.658105263157895
63	0.671578947368421
64	0.682526315789474
65	0.690105263157895
66	0.694315789473684
67	0.697684210526316
68	0.698526315789474
69	0.699368421052632
70	0.70021052631579
71	0.701052631578948
72	0.706105263157895
73	0.719578947368421
74	0.733052631578947
75	0.746526315789474
76	0.764210526315789
77	0.772631578947368
78	0.772631578947368
79	0.772631578947368
80	0.772631578947368
81	0.772631578947368
82	0.772631578947368
83	0.772631578947368
84	0.772631578947368
85	0.772631578947368
86	0.772631578947368
87	0.772631578947368
88	0.759157894736842
89	0.745684210526316
90	0.720421052631579
91	0.688421052631579
92	0.644631578947368
93	0.564631578947368
94	0.484631578947368
95	0.400421052631579
96	0.312
97	0.232
98	0.152
99	0.072
100	-0.00378947368421054
101	-0.0711578947368421
102	-0.138526315789474
103	-0.205894736842105
104	-0.273263157894737
105	-0.313263157894737
106	-0.353263157894737
107	-0.379789473684211
108	-0.406315789473684
109	-0.421052631578947
110	-0.429052631578947
111	-0.425263157894737
112	-0.385263157894737
113	-0.345263157894737
