Ind	Score
1	0.121263157894737
2	0.120421052631579
3	0.118736842105263
4	0.117052631578947
5	0.13221052631579
6	0.148210526315789
7	0.165894736842105
8	0.191157894736842
9	0.218105263157895
10	0.250947368421053
11	0.266526315789474
12	0.282947368421053
13	0.299368421052632
14	0.316631578947368
15	0.336421052631579
16	0.357052631578947
17	0.383157894736842
18	0.410947368421053
19	0.441263157894737
20	0.474105263157895
21	0.516631578947368
22	0.560842105263158
23	0.605052631578948
24	0.634105263157895
25	0.667368421052632
26	0.699789473684211
27	0.724631578947369
28	0.747789473684211
29	0.765052631578948
30	0.782315789473684
31	0.798736842105263
32	0.815157894736842
33	0.831578947368421
34	0.848
35	0.864421052631579
36	0.880842105263158
37	0.896421052631579
38	0.909473684210526
39	0.921684210526316
40	0.930105263157895
41	0.937684210526316
42	0.945263157894737
43	0.951157894736842
44	0.953684210526316
45	0.955368421052632
46	0.957052631578948
47	0.958736842105264
48	0.961263157894737
49	0.962105263157895
50	0.962947368421053
51	0.963789473684211
52	0.964631578947369
53	0.962526315789474
54	0.960421052631579
55	0.958315789473684
56	0.95621052631579
57	0.954105263157895
58	0.952
59	0.949894736842106
60	0.947789473684211
61	0.945684210526316
62	0.943578947368421
63	0.939789473684211
64	0.936
65	0.93221052631579
66	0.928421052631579
67	0.923789473684211
68	0.920842105263158
69	0.917894736842106
70	0.914947368421053
71	0.912
72	0.913684210526316
73	0.915368421052632
74	0.917052631578948
75	0.91621052631579
76	0.918315789473684
77	0.917052631578947
78	0.915789473684211
79	0.914526315789474
80	0.913263157894737
81	0.912
82	0.909894736842105
83	0.907789473684211
84	0.905578947368421
85	0.903368421052632
86	0.901157894736842
87	0.895157894736842
88	0.888315789473684
89	0.880631578947369
90	0.870421052631579
91	0.857684210526316
92	0.844947368421053
93	0.790526315789474
94	0.738631578947368
95	0.683789473684211
96	0.632315789473684
97	0.580842105263158
98	0.531894736842105
99	0.482947368421053
100	0.437368421052632
101	0.392631578947369
102	0.347894736842105
103	0.303263157894737
104	0.258631578947369
105	0.212842105263158
106	0.170842105263158
107	0.129684210526316
108	0.0893684210526317
109	0.0515789473684212
110	0.0146315789473685
111	-0.0223157894736841
112	-0.017578947368421
113	-0.0128421052631578
