Ind	Score
1	-0.553684210526316
2	-0.609052631578948
3	-0.664421052631579
4	-0.719789473684211
5	-0.731578947368421
6	-0.736421052631579
7	-0.738421052631579
8	-0.728947368421053
9	-0.691052631578948
10	-0.638421052631579
11	-0.530421052631579
12	-0.422421052631579
13	-0.314421052631579
14	-0.206947368421053
15	-0.0994736842105263
16	0.008
17	0.115473684210526
18	0.222947368421053
19	0.330421052631579
20	0.435578947368421
21	0.539578947368421
22	0.643578947368421
23	0.747578947368421
24	0.808
25	0.861473684210527
26	0.910947368421053
27	0.948947368421053
28	0.958526315789474
29	0.953368421052632
30	0.938421052631579
31	0.923473684210526
32	0.817157894736842
33	0.711368421052631
34	0.605578947368421
35	0.49978947368421
36	0.394
37	0.288736842105263
38	0.183473684210526
39	0.0805263157894736
40	-0.021263157894737
41	-0.123052631578947
42	-0.224842105263158
43	-0.324315789473684
44	-0.372947368421053
45	-0.420421052631579
46	-0.467894736842105
47	-0.515368421052632
48	-0.562842105263158
49	-0.600526315789474
50	-0.63821052631579
51	-0.584526315789474
52	-0.530842105263158
