Ind	Score
1	-0.749473684210526
2	-0.824421052631579
3	-0.899368421052632
4	-0.974315789473684
5	-0.989052631578948
6	-0.985263157894737
7	-0.966736842105263
8	-0.929894736842106
9	-0.885684210526316
10	-0.835157894736842
11	-0.707578947368421
12	-0.58
13	-0.452421052631579
14	-0.324842105263158
15	-0.197263157894737
16	-0.0696842105263158
17	0.0578947368421053
18	0.185473684210526
19	0.313052631578947
20	0.440631578947369
21	0.568210526315789
22	0.695789473684211
23	0.823368421052632
24	0.890736842105263
25	0.938736842105263
26	0.972
27	0.972
28	0.948421052631579
29	0.900842105263158
30	0.839368421052632
31	0.748421052631579
32	0.604
33	0.459578947368421
34	0.315157894736842
35	0.170736842105263
36	0.0263157894736842
37	-0.118105263157895
38	-0.262526315789474
39	-0.406947368421053
40	-0.551368421052632
41	-0.695789473684211
42	-0.84021052631579
43	-0.984631578947369
44	-1.03642105263158
45	-1.08821052631579
46	-1.12505263157895
47	-1.14568421052632
48	-1.14863157894737
49	-1.13978947368421
50	-1.10147368421053
51	-1.00968421052632
52	-0.917894736842106
