Ind	Score
1	-0.074
2	-0.0845263157894737
3	-0.0985263157894737
4	-0.112526315789474
5	-0.076842105263158
6	-0.0405263157894737
7	-0.00421052631578953
8	0.0353684210526315
9	0.0749473684210526
10	0.113368421052632
11	0.156526315789474
12	0.199684210526316
13	0.242842105263158
14	0.288315789473684
15	0.333789473684211
16	0.379263157894737
17	0.425894736842105
18	0.476
19	0.526105263157895
20	0.57621052631579
21	0.627473684210527
22	0.685684210526316
23	0.743894736842105
24	0.752421052631579
25	0.760315789473684
26	0.771684210526316
27	0.77978947368421
28	0.787894736842105
29	0.796526315789474
30	0.806315789473684
31	0.816105263157895
32	0.825894736842105
33	0.832421052631579
34	0.84221052631579
35	0.849894736842105
36	0.855473684210526
37	0.861052631578947
38	0.866631578947368
39	0.872210526315789
40	0.876631578947368
41	0.877578947368421
42	0.878526315789473
43	0.879473684210526
44	0.880421052631579
45	0.877894736842105
46	0.875368421052631
47	0.872842105263158
48	0.870947368421052
49	0.867894736842105
50	0.864842105263158
51	0.86178947368421
52	0.860842105263157
53	0.856631578947368
54	0.854526315789473
55	0.854526315789473
56	0.856631578947368
57	0.858736842105263
58	0.862947368421052
59	0.868105263157894
60	0.872105263157894
61	0.876105263157895
62	0.880105263157895
63	0.882947368421053
64	0.884631578947368
65	0.885157894736842
66	0.885684210526316
67	0.886210526315789
68	0.887894736842105
69	0.886105263157894
70	0.884315789473684
71	0.881368421052631
72	0.879578947368421
73	0.87778947368421
74	0.876
75	0.872105263157895
76	0.86821052631579
77	0.86221052631579
78	0.855263157894737
79	0.849473684210526
80	0.843684210526316
81	0.837894736842105
82	0.834421052631579
83	0.833263157894737
84	0.827684210526316
85	0.822105263157895
86	0.813263157894737
87	0.805578947368421
88	0.802526315789474
89	0.798315789473684
90	0.791789473684211
91	0.784105263157895
92	0.777578947368421
93	0.730947368421053
94	0.684315789473684
95	0.637684210526316
96	0.591052631578947
97	0.544421052631579
98	0.49778947368421
99	0.451157894736842
100	0.404526315789474
101	0.356736842105263
102	0.30778947368421
103	0.264421052631579
104	0.221052631578947
105	0.184210526315789
106	0.146210526315789
107	0.107052631578947
108	0.0690526315789472
109	0.0333684210526315
110	-0.00231578947368433
111	-0.0391578947368422
112	-0.0358947368421054
113	-0.0326315789473685
