Ind	Score
1	0.105263157894737
2	0.115789473684211
3	0.126315789473684
4	0.136842105263158
5	0.153263157894737
6	0.170526315789474
7	0.187789473684211
8	0.210947368421053
9	0.240842105263158
10	0.285052631578947
11	0.320421052631579
12	0.355789473684211
13	0.397052631578947
14	0.439157894736842
15	0.481263157894737
16	0.523368421052631
17	0.565473684210526
18	0.607578947368421
19	0.649684210526316
20	0.691789473684211
21	0.733894736842105
22	0.776
23	0.818105263157895
24	0.854315789473684
25	0.889684210526316
26	0.925052631578947
27	0.954526315789474
28	0.977263157894737
29	0.985684210526316
30	0.992421052631579
31	0.985684210526316
32	0.971368421052632
33	0.929263157894737
34	0.887157894736842
35	0.845052631578947
36	0.802947368421053
37	0.760842105263158
38	0.718736842105263
39	0.676631578947368
40	0.634526315789474
41	0.592421052631579
42	0.550315789473684
43	0.50821052631579
44	0.466105263157895
45	0.413473684210526
46	0.360842105263158
47	0.308210526315789
48	0.255578947368421
49	0.202947368421053
50	0.163789473684211
51	0.126315789473684
52	0.115789473684211
53	0.105263157894737
