Ind	Score
1	-0.0690526315789474
2	-0.0774736842105263
3	-0.0858947368421053
4	-0.0943157894736842
5	-0.0732631578947368
6	-0.0454736842105263
7	-0.00926315789473687
8	0.0286315789473684
9	0.0703157894736842
10	0.112
11	0.162947368421053
12	0.213894736842105
13	0.264842105263158
14	0.320842105263158
15	0.376842105263158
16	0.432842105263158
17	0.488842105263158
18	0.549894736842105
19	0.610947368421052
20	0.672
21	0.733052631578947
22	0.794105263157895
23	0.854315789473684
24	0.885052631578947
25	0.904842105263158
26	0.91621052631579
27	0.925052631578948
28	0.930105263157895
29	0.935157894736842
30	0.930947368421053
31	0.925052631578948
32	0.918315789473684
33	0.861052631578948
34	0.80378947368421
35	0.746526315789474
36	0.689263157894737
37	0.626947368421052
38	0.564631578947368
39	0.502315789473684
40	0.44
41	0.377684210526316
42	0.31621052631579
43	0.254736842105263
44	0.197473684210526
45	0.149894736842105
46	0.103157894736842
47	0.0564210526315791
48	0.00968421052631589
49	-0.0336842105263157
50	-0.0753684210526315
51	-0.116210526315789
52	-0.106526315789474
53	-0.0968421052631578
