Ind	Score
1	-0.443789473684211
2	-0.489684210526316
3	-0.538105263157895
4	-0.586526315789474
5	-0.585263157894737
6	-0.572210526315789
7	-0.556210526315789
8	-0.540210526315789
9	-0.522526315789474
10	-0.496
11	-0.408421052631579
12	-0.32
13	-0.231578947368421
14	-0.143157894736842
15	-0.0522105263157894
16	0.040421052631579
17	0.133052631578947
18	0.225684210526316
19	0.319157894736842
20	0.414315789473684
21	0.509473684210526
22	0.607157894736842
23	0.693894736842105
24	0.730947368421053
25	0.753684210526316
26	0.776
27	0.790736842105263
28	0.764210526315789
29	0.728
30	0.657684210526316
31	0.584842105263158
32	0.485052631578947
33	0.385263157894737
34	0.282947368421053
35	0.180631578947368
36	0.0783157894736842
37	-0.0240000000000001
38	-0.126315789473684
39	-0.230315789473684
40	-0.334315789473684
41	-0.438315789473684
42	-0.531368421052632
43	-0.624421052631579
44	-0.66021052631579
45	-0.698526315789474
46	-0.729263157894737
47	-0.720421052631579
48	-0.710736842105263
49	-0.684631578947368
50	-0.656842105263158
51	-0.602105263157895
52	-0.547368421052632
