Ind	Score
1	-0.36
2	-0.416842105263158
3	-0.473684210526316
4	-0.530526315789474
5	-0.574736842105263
6	-0.618947368421053
7	-0.663157894736842
8	-0.707368421052632
9	-0.730947368421053
10	-0.751578947368421
11	-0.786947368421053
12	-0.810526315789474
13	-0.807578947368421
14	-0.801684210526316
15	-0.773473684210527
16	-0.727578947368421
17	-0.651368421052632
18	-0.57221052631579
19	-0.472421052631579
20	-0.366736842105263
21	-0.257263157894737
22	-0.147789473684211
23	-0.0383157894736843
24	0.0585263157894736
25	0.155368421052632
26	0.252210526315789
27	0.349052631578947
28	0.425263157894737
29	0.498526315789474
30	0.57178947368421
31	0.645052631578947
32	0.718315789473684
33	0.791578947368421
34	0.863157894736842
35	0.922947368421053
36	0.95621052631579
37	0.986526315789474
38	0.996210526315789
39	1
40	1
41	1
42	1
43	1
44	1
45	1
46	1
47	1
48	1
49	1
50	1
51	1
52	1
53	1
54	1
55	1
56	1
57	1
58	1
59	1
60	1
61	1
62	1
63	1
64	1
65	1
66	1
67	1
68	1
69	1
70	1
71	1
72	1
73	1
74	1
75	1
76	1
77	1
78	1
79	1
80	1
81	1
82	1
83	1
84	1
85	1
86	1
87	1
88	1
89	1
90	1
91	1
92	0.997473684210526
93	0.994947368421053
94	0.885473684210526
95	0.776
96	0.666526315789474
97	0.557052631578947
98	0.447578947368421
99	0.338105263157895
100	0.228631578947368
101	0.119157894736842
102	0.00968421052631579
103	-0.0997894736842105
104	-0.209263157894737
105	-0.318736842105263
106	-0.371368421052632
107	-0.424
108	-0.476631578947368
109	-0.529263157894737
110	-0.581894736842105
111	-0.632
112	-0.682105263157895
113	-0.625263157894737
114	-0.568421052631579
