Ind	Score
1	0.105263157894737
2	0.115789473684211
3	0.126315789473684
4	0.136
5	0.181052631578947
6	0.228631578947368
7	0.277894736842105
8	0.327052631578947
9	0.376210526315789
10	0.425368421052632
11	0.463157894736842
12	0.499263157894737
13	0.535368421052632
14	0.572315789473684
15	0.610105263157895
16	0.647894736842105
17	0.685684210526316
18	0.723473684210526
19	0.761263157894737
20	0.799052631578947
21	0.836842105263158
22	0.874631578947369
23	0.913263157894737
24	0.916526315789474
25	0.917263157894737
26	0.91421052631579
27	0.91
28	0.905789473684211
29	0.901578947368421
30	0.89821052631579
31	0.897473684210526
32	0.896736842105263
33	0.895157894736842
34	0.893578947368421
35	0.893684210526316
36	0.89378947368421
37	0.893894736842105
38	0.894
39	0.894105263157895
40	0.894210526315789
41	0.894315789473684
42	0.894421052631579
43	0.894526315789474
44	0.894631578947369
45	0.896
46	0.898631578947369
47	0.901263157894737
48	0.903894736842106
49	0.908631578947369
50	0.914526315789474
51	0.920421052631579
52	0.926315789473684
53	0.931368421052632
54	0.934736842105263
55	0.938105263157895
56	0.940631578947368
57	0.943157894736842
58	0.945684210526316
59	0.948210526315789
60	0.949052631578947
61	0.949894736842105
62	0.950736842105263
63	0.951578947368421
64	0.953263157894737
65	0.954947368421053
66	0.956631578947368
67	0.958315789473684
68	0.958736842105263
69	0.95621052631579
70	0.953684210526316
71	0.950315789473684
72	0.946947368421053
73	0.943578947368421
74	0.939368421052632
75	0.934315789473684
76	0.929263157894737
77	0.924210526315789
78	0.919157894736842
79	0.914105263157895
80	0.908210526315789
81	0.894315789473684
82	0.878736842105263
83	0.864842105263158
84	0.850947368421053
85	0.83621052631579
86	0.821473684210526
87	0.805052631578947
88	0.789473684210527
89	0.77221052631579
90	0.753263157894737
91	0.713684210526316
92	0.674105263157895
93	0.62021052631579
94	0.568842105263158
95	0.517473684210527
96	0.466105263157895
97	0.415578947368421
98	0.368421052631579
99	0.322105263157895
100	0.283789473684211
101	0.247157894736842
102	0.211368421052632
103	0.176421052631579
104	0.150315789473684
105	0.115789473684211
106	0.0821052631578948
107	0.048421052631579
108	0.016421052631579
109	-0.0130526315789473
110	-0.0218947368421052
111	-0.0307368421052631
112	-0.0244210526315789
113	-0.0189473684210526
