Ind	Score
1	0.449263157894737
2	0.488421052631579
3	0.512842105263158
4	0.519578947368421
5	0.522105263157895
6	0.52378947368421
7	0.521684210526316
8	0.514526315789474
9	0.507368421052632
10	0.50021052631579
11	0.440842105263158
12	0.381473684210526
13	0.322105263157895
14	0.258526315789474
15	0.191578947368421
16	0.127578947368421
17	0.0635789473684211
18	0.0021052631578948
19	-0.0593684210526315
20	-0.117894736842105
21	-0.173894736842105
22	-0.212631578947368
23	-0.233684210526316
24	-0.250526315789474
25	-0.264
26	-0.258947368421052
27	-0.231157894736842
28	-0.193684210526316
29	-0.155368421052632
30	-0.108210526315789
31	-0.056
32	-0.00378947368421052
33	0.0526315789473684
34	0.117473684210526
35	0.182315789473684
36	0.247157894736842
37	0.316210526315789
38	0.388631578947368
39	0.458105263157895
40	0.527578947368421
41	0.594526315789474
42	0.661473684210526
43	0.728421052631579
44	0.792842105263158
45	0.842526315789474
46	0.874526315789474
47	0.896842105263158
48	0.918315789473684
49	0.936
50	0.948631578947368
51	0.961263157894737
52	0.973894736842105
53	0.981473684210526
54	0.989052631578947
55	0.996631578947368
56	1
57	1
58	1
59	1
60	1
61	1
62	1
63	0.994947368421053
64	0.989894736842105
65	0.958315789473684
66	0.926736842105263
67	0.895157894736842
68	0.861052631578947
69	0.826947368421053
70	0.792842105263158
71	0.758736842105263
72	0.724631578947369
73	0.690526315789474
74	0.656421052631579
75	0.622315789473684
76	0.58821052631579
77	0.554105263157895
78	0.52
79	0.485894736842105
80	0.451789473684211
81	0.417684210526316
82	0.388631578947368
83	0.359578947368421
84	0.357052631578947
85	0.354526315789474
86	0.355368421052632
87	0.358736842105263
88	0.388631578947368
89	0.418526315789474
90	0.439157894736842
91	0.450526315789474
92	0.461894736842105
93	0.467368421052632
94	0.457684210526316
95	0.448
96	0.438315789473684
97	0.428631578947368
98	0.418947368421053
99	0.409263157894737
100	0.399578947368421
101	0.389894736842105
102	0.380210526315789
103	0.370526315789474
104	0.360842105263158
105	0.34778947368421
106	0.325894736842105
107	0.277473684210526
108	0.229052631578947
109	0.189894736842105
110	0.16
111	0.130105263157895
112	0.106105263157895
113	0.0972631578947368
114	0.0884210526315789
