Ind	Score
1	0.222842105263158
2	0.244315789473684
3	0.26578947368421
4	0.287263157894737
5	0.327894736842105
6	0.370105263157895
7	0.412315789473684
8	0.455684210526316
9	0.499052631578947
10	0.542421052631579
11	0.563157894736842
12	0.588526315789474
13	0.615052631578947
14	0.642736842105263
15	0.671578947368421
16	0.693894736842105
17	0.716210526315789
18	0.739684210526316
19	0.763157894736842
20	0.786631578947368
21	0.810105263157895
22	0.834736842105263
23	0.856526315789474
24	0.856842105263158
25	0.845052631578947
26	0.83
27	0.80221052631579
28	0.76978947368421
29	0.731789473684211
30	0.691473684210526
31	0.646526315789474
32	0.600421052631579
33	0.553157894736842
34	0.504736842105263
35	0.462842105263158
36	0.420947368421052
37	0.379052631578947
38	0.337157894736842
39	0.30178947368421
40	0.266421052631579
41	0.229894736842105
42	0.196210526315789
43	0.164842105263158
44	0.144
45	0.126421052631579
46	0.123263157894737
47	0.127052631578947
48	0.146947368421052
49	0.172421052631579
50	0.209473684210526
51	0.251157894736842
52	0.298421052631579
53	0.348
54	0.397578947368421
55	0.447157894736842
56	0.496736842105263
57	0.546315789473684
58	0.589368421052632
59	0.632421052631579
60	0.675473684210526
61	0.718526315789474
62	0.758105263157895
63	0.797684210526316
64	0.837263157894737
65	0.874
66	0.908421052631579
67	0.932315789473684
68	0.952947368421053
69	0.962
70	0.966421052631579
71	0.965263157894737
72	0.961789473684211
73	0.958315789473684
74	0.954842105263158
75	0.951368421052632
76	0.947894736842105
77	0.942105263157895
78	0.936315789473684
79	0.930526315789474
80	0.924736842105263
81	0.922421052631579
82	0.920105263157895
83	0.917789473684211
84	0.915473684210527
85	0.916631578947369
86	0.917789473684211
87	0.918947368421053
88	0.920105263157895
89	0.921263157894737
90	0.922421052631579
91	0.916631578947369
92	0.910842105263158
93	0.83621052631579
94	0.761578947368421
95	0.686947368421053
96	0.614631578947368
97	0.542315789473684
98	0.47
99	0.397684210526316
100	0.327684210526316
101	0.257684210526316
102	0.187684210526316
103	0.117684210526316
104	0.0442105263157893
105	-0.0061052631578949
106	-0.0564210526315791
107	-0.106736842105263
108	-0.157052631578947
109	-0.207368421052632
110	-0.250736842105263
111	-0.294105263157895
112	-0.268631578947369
113	-0.243157894736842
