Ind	Score
1	-0.203368421052632
2	-0.224
3	-0.183157894736842
4	-0.140842105263158
5	-0.0955789473684209
6	-0.0503157894736841
7	-0.00357894736842093
8	0.0431578947368422
9	0.092842105263158
10	0.142526315789474
11	0.211368421052632
12	0.28021052631579
13	0.352
14	0.423789473684211
15	0.495578947368421
16	0.567368421052632
17	0.637684210526316
18	0.708
19	0.778315789473685
20	0.848631578947369
21	0.918947368421053
22	0.929263157894737
23	0.938105263157895
24	0.944
25	0.942526315789474
26	0.939578947368421
27	0.936631578947369
28	0.930736842105264
29	0.924842105263158
30	0.918947368421053
31	0.913052631578948
32	0.90421052631579
33	0.885052631578948
34	0.854105263157895
35	0.781368421052632
36	0.711578947368421
37	0.641789473684211
38	0.572
39	0.50221052631579
40	0.432421052631579
41	0.361157894736842
42	0.289894736842105
43	0.218631578947368
44	0.162105263157895
45	0.118315789473684
46	0.0745263157894738
47	0.0307368421052633
48	-0.0130526315789473
49	-0.0568421052631578
50	-0.100631578947368
51	-0.142947368421053
52	-0.174947368421053
53	-0.195157894736842
