Ind	Score
1	-0.0909473684210527
2	-0.107894736842105
3	-0.127684210526316
4	-0.147473684210526
5	-0.129157894736842
6	-0.110842105263158
7	-0.0862105263157896
8	-0.0571578947368423
9	-0.0269473684210528
10	0.00726315789473667
11	0.0442105263157893
12	0.0811578947368419
13	0.119263157894737
14	0.157368421052631
15	0.199473684210526
16	0.241578947368421
17	0.286
18	0.333894736842105
19	0.384631578947368
20	0.436526315789473
21	0.491368421052631
22	0.552526315789473
23	0.613684210526315
24	0.637894736842105
25	0.663894736842105
26	0.686421052631579
27	0.704526315789473
28	0.721473684210526
29	0.734421052631579
30	0.750631578947368
31	0.766842105263158
32	0.783052631578947
33	0.799263157894737
34	0.817578947368421
35	0.835894736842105
36	0.853052631578947
37	0.870210526315789
38	0.884526315789473
39	0.898842105263158
40	0.912526315789474
41	0.922736842105263
42	0.932947368421053
43	0.942
44	0.94978947368421
45	0.954736842105263
46	0.959684210526316
47	0.964631578947368
48	0.970105263157895
49	0.974421052631579
50	0.978736842105263
51	0.983052631578947
52	0.985263157894737
53	0.982105263157895
54	0.978947368421053
55	0.974631578947368
56	0.970315789473684
57	0.966
58	0.961684210526316
59	0.957368421052632
60	0.951894736842105
61	0.945263157894737
62	0.936315789473684
63	0.924526315789474
64	0.911578947368421
65	0.898631578947368
66	0.885684210526316
67	0.855157894736842
68	0.824631578947368
69	0.794105263157895
70	0.763578947368421
71	0.735157894736842
72	0.707684210526316
73	0.676736842105263
74	0.646947368421053
75	0.61578947368421
76	0.586736842105263
77	0.557684210526316
78	0.52978947368421
79	0.503052631578947
80	0.477473684210526
81	0.454210526315789
82	0.433263157894737
83	0.412315789473684
84	0.389052631578947
85	0.368105263157894
86	0.366526315789473
87	0.366105263157895
88	0.363368421052631
89	0.360631578947368
90	0.374947368421052
91	0.390421052631579
92	0.408210526315789
93	0.376
94	0.345157894736842
95	0.313368421052631
96	0.285052631578947
97	0.255578947368421
98	0.229578947368421
99	0.203578947368421
100	0.177578947368421
101	0.151578947368421
102	0.126736842105263
103	0.104210526315789
104	0.0793684210526315
105	0.0588421052631578
106	0.037157894736842
107	0.0177894736842104
108	-0.00157894736842114
109	-0.0380000000000001
110	-0.074421052631579
111	-0.109684210526316
112	-0.0949473684210527
113	-0.0802105263157896
