Ind	Score
1	0.0402105263157894
2	0.00631578947368414
3	-0.034421052631579
4	-0.082421052631579
5	-0.112421052631579
6	-0.138947368421053
7	-0.164315789473684
8	-0.190842105263158
9	-0.217368421052632
10	-0.243894736842105
11	-0.292842105263158
12	-0.35021052631579
13	-0.406421052631579
14	-0.452842105263158
15	-0.483157894736842
16	-0.51
17	-0.544105263157895
18	-0.568421052631579
19	-0.577684210526316
20	-0.575684210526316
21	-0.554631578947368
22	-0.526736842105263
23	-0.489263157894737
24	-0.462
25	-0.419157894736842
26	-0.370631578947369
27	-0.313684210526316
28	-0.252526315789474
29	-0.191368421052632
30	-0.13021052631579
31	-0.0594736842105264
32	0.0112631578947368
33	0.0819999999999999
34	0.149368421052632
35	0.225157894736842
36	0.30821052631579
37	0.381473684210526
38	0.442
39	0.499052631578947
40	0.564526315789474
41	0.63
42	0.693157894736842
43	0.748526315789473
44	0.784842105263158
45	0.814315789473684
46	0.836526315789474
47	0.854526315789474
48	0.872526315789474
49	0.890526315789474
50	0.907368421052632
51	0.924210526315789
52	0.941052631578947
53	0.957894736842105
54	0.966315789473684
55	0.974736842105263
56	0.983157894736842
57	0.991578947368421
58	1
59	1
60	1
61	1
62	1
63	1
64	1
65	1
66	1
67	1
68	1
69	1
70	1
71	1
72	1
73	1
74	1
75	1
76	1
77	1
78	1
79	1
80	1
81	0.998842105263158
82	0.997684210526316
83	0.996526315789474
84	0.992105263157895
85	0.987684210526316
86	0.982210526315789
87	0.976736842105263
88	0.970105263157895
89	0.963473684210526
90	0.956842105263158
91	0.95021052631579
92	0.935157894736842
93	0.917789473684211
94	0.769894736842105
95	0.622
96	0.474105263157895
97	0.326210526315789
98	0.178315789473684
99	0.0304210526315788
100	-0.116315789473684
101	-0.263052631578947
102	-0.409789473684211
103	-0.553263157894737
104	-0.695578947368421
105	-0.836842105263158
106	-0.884
107	-0.93
108	-0.976
109	-1.022
110	-1.068
111	-1.10557894736842
112	-1.14084210526316
113	-1.04557894736842
114	-0.950315789473684
