Ind	Score
1	-0.137684210526316
2	-0.154842105263158
3	-0.12578947368421
4	-0.0937894736842105
5	-0.0573684210526315
6	-0.0194736842105263
7	0.018421052631579
8	0.0563157894736843
9	0.0942105263157896
10	0.133578947368421
11	0.182736842105263
12	0.231894736842105
13	0.285473684210526
14	0.342
15	0.398526315789474
16	0.460947368421053
17	0.526315789473684
18	0.591684210526316
19	0.657052631578948
20	0.722421052631579
21	0.78778947368421
22	0.806947368421053
23	0.823157894736842
24	0.834947368421053
25	0.845263157894737
26	0.857052631578947
27	0.870315789473684
28	0.883578947368421
29	0.895368421052632
30	0.905684210526316
31	0.916
32	0.926315789473684
33	0.935157894736842
34	0.944
35	0.949894736842105
36	0.954315789473684
37	0.958736842105263
38	0.963157894736842
39	0.966105263157895
40	0.969052631578947
41	0.972
42	0.974947368421053
43	0.977894736842105
44	0.980842105263158
45	0.982315789473684
46	0.982315789473684
47	0.982315789473684
48	0.982315789473684
49	0.982315789473684
50	0.982315789473684
51	0.980842105263158
52	0.979368421052632
53	0.977894736842105
54	0.976421052631579
55	0.974947368421053
56	0.973473684210527
57	0.972
58	0.973473684210527
59	0.974947368421053
60	0.976421052631579
61	0.976421052631579
62	0.976421052631579
63	0.976421052631579
64	0.976421052631579
65	0.976421052631579
66	0.976421052631579
67	0.976421052631579
68	0.976421052631579
69	0.974947368421053
70	0.972
71	0.969052631578947
72	0.966105263157895
73	0.963157894736842
74	0.957263157894737
75	0.949894736842105
76	0.941052631578948
77	0.930736842105263
78	0.920421052631579
79	0.907157894736842
80	0.896842105263158
81	0.885052631578947
82	0.870315789473684
83	0.855578947368421
84	0.840842105263158
85	0.826105263157895
86	0.811368421052632
87	0.796631578947369
88	0.784842105263158
89	0.776
90	0.767157894736842
91	0.758315789473684
92	0.749473684210527
93	0.737684210526316
94	0.725894736842106
95	0.673789473684211
96	0.621684210526316
97	0.569578947368421
98	0.523368421052632
99	0.475684210526316
100	0.430947368421053
101	0.392105263157895
102	0.353263157894737
103	0.314421052631579
104	0.275578947368421
105	0.239157894736842
106	0.202736842105263
107	0.164842105263158
108	0.125473684210526
109	0.0861052631578949
110	0.0467368421052633
111	0.00736842105263173
112	-0.0261052631578946
113	-0.0581052631578946
