Ind	Score
1	-0.184842105263158
2	-0.203473684210526
3	-0.167052631578947
4	-0.126210526315789
5	-0.0838947368421051
6	-0.0415789473684209
7	0.000736842105263281
8	0.0445263157894738
9	0.0912631578947369
10	0.138
11	0.206315789473684
12	0.277578947368421
13	0.348842105263158
14	0.420105263157895
15	0.491368421052632
16	0.562631578947368
17	0.633894736842105
18	0.705157894736842
19	0.776421052631579
20	0.84621052631579
21	0.916
22	0.926315789473684
23	0.93221052631579
24	0.935157894736842
25	0.938105263157895
26	0.941052631578947
27	0.942526315789474
28	0.939578947368421
29	0.936631578947369
30	0.927789473684211
31	0.914526315789474
32	0.898315789473684
33	0.882105263157895
34	0.861473684210527
35	0.784315789473684
36	0.707157894736842
37	0.63
38	0.552842105263158
39	0.478631578947369
40	0.404421052631579
41	0.339052631578948
42	0.273684210526316
43	0.211263157894737
44	0.148842105263158
45	0.103578947368421
46	0.0583157894736845
47	0.0145263157894739
48	-0.0292631578947366
49	-0.0715789473684208
50	-0.110947368421052
51	-0.147368421052631
52	-0.18378947368421
53	-0.21578947368421
