Ind	Score
1	-0.0603157894736842
2	-0.0686315789473684
3	-0.0769473684210526
4	-0.0852631578947368
5	-0.0530526315789474
6	-0.0187368421052632
7	0.0213684210526315
8	0.0626315789473684
9	0.103894736842105
10	0.146315789473684
11	0.197263157894737
12	0.249368421052631
13	0.301473684210526
14	0.353578947368421
15	0.405684210526316
16	0.455473684210526
17	0.505263157894737
18	0.558315789473684
19	0.611368421052632
20	0.664421052631579
21	0.714210526315789
22	0.764947368421053
23	0.815684210526316
24	0.825368421052632
25	0.832947368421053
26	0.834736842105263
27	0.835368421052631
28	0.836
29	0.836631578947368
30	0.833789473684211
31	0.82978947368421
32	0.82578947368421
33	0.82178947368421
34	0.818947368421052
35	0.818421052631579
36	0.815578947368421
37	0.812736842105263
38	0.809894736842105
39	0.809368421052631
40	0.812105263157895
41	0.813894736842105
42	0.815684210526315
43	0.818
44	0.823578947368421
45	0.831473684210526
46	0.839368421052631
47	0.84778947368421
48	0.855052631578947
49	0.862315789473684
50	0.869578947368421
51	0.876842105263158
52	0.884105263157895
53	0.890210526315789
54	0.896315789473684
55	0.903578947368421
56	0.910842105263158
57	0.918105263157895
58	0.923052631578948
59	0.930315789473684
60	0.937578947368421
61	0.944842105263158
62	0.952105263157895
63	0.956105263157894
64	0.95778947368421
65	0.959473684210526
66	0.958526315789473
67	0.957578947368421
68	0.952
69	0.94178947368421
70	0.931578947368421
71	0.921368421052632
72	0.911157894736842
73	0.898842105263158
74	0.887684210526316
75	0.876526315789474
76	0.865368421052632
77	0.854210526315789
78	0.841894736842105
79	0.829578947368421
80	0.816105263157895
81	0.801473684210526
82	0.786842105263158
83	0.769894736842105
84	0.751789473684211
85	0.735789473684211
86	0.718631578947369
87	0.706105263157895
88	0.694947368421053
89	0.683578947368421
90	0.669894736842105
91	0.660842105263158
92	0.652736842105263
93	0.598842105263158
94	0.544947368421053
95	0.491052631578947
96	0.439263157894737
97	0.386315789473684
98	0.333368421052631
99	0.281578947368421
100	0.230947368421052
101	0.180315789473684
102	0.132
103	0.0859999999999997
104	0.0411578947368418
105	0.00894736842105234
106	-0.0232631578947371
107	-0.0522105263157897
108	-0.0809473684210529
109	-0.107368421052632
110	-0.138421052631579
111	-0.168315789473685
112	-0.152421052631579
113	-0.136526315789474
