Ind	Score
1	0.501052631578947
2	0.551157894736842
3	0.601263157894737
4	0.651368421052632
5	0.704
6	0.756631578947369
7	0.809263157894737
8	0.856842105263158
9	0.902736842105263
10	0.947789473684211
11	0.936842105263158
12	0.925894736842105
13	0.914105263157895
14	0.902315789473684
15	0.890526315789474
16	0.878736842105263
17	0.866947368421053
18	0.849263157894737
19	0.830736842105263
20	0.81221052631579
21	0.792
22	0.771789473684211
23	0.751578947368421
24	0.720421052631579
25	0.678736842105263
26	0.637052631578947
27	0.600421052631579
28	0.565473684210526
29	0.531368421052631
30	0.503157894736842
31	0.48
32	0.459368421052632
33	0.439578947368421
34	0.425684210526316
35	0.411789473684211
36	0.398736842105263
37	0.391578947368421
38	0.385263157894737
39	0.378947368421053
40	0.374315789473684
41	0.370526315789474
42	0.367578947368421
43	0.373052631578947
44	0.369684210526316
45	0.363368421052632
46	0.357052631578947
47	0.359157894736842
48	0.370105263157895
49	0.376842105263158
50	0.378526315789474
51	0.376421052631579
52	0.360842105263158
53	0.323789473684211
54	0.286736842105263
55	0.242526315789474
56	0.198315789473684
57	0.147789473684211
58	0.0930526315789474
59	0.0383157894736842
60	-0.0172631578947368
61	-0.0736842105263158
62	-0.130105263157895
63	-0.167157894736842
64	-0.196210526315789
65	-0.225263157894737
66	-0.262736842105263
67	-0.288
68	-0.306105263157895
69	-0.324210526315789
70	-0.340210526315789
71	-0.341894736842105
72	-0.323789473684211
73	-0.305684210526316
74	-0.279157894736842
75	-0.24
76	-0.178947368421053
77	-0.113684210526316
78	-0.0421052631578947
79	0.0294736842105263
80	0.101052631578947
81	0.162105263157895
82	0.223157894736842
83	0.279157894736842
84	0.335157894736842
85	0.385263157894737
86	0.413473684210526
87	0.438736842105263
88	0.445473684210526
89	0.452210526315789
90	0.454736842105263
91	0.443368421052632
92	0.411368421052632
93	0.368
94	0.312
95	0.240421052631579
96	0.168842105263158
97	0.0909473684210526
98	0.0130526315789473
99	-0.064842105263158
100	-0.13221052631579
101	-0.199578947368421
102	-0.266947368421053
103	-0.328
104	-0.368421052631579
105	-0.393263157894737
106	-0.418105263157895
107	-0.424421052631579
108	-0.430736842105263
109	-0.434526315789474
110	-0.428631578947368
111	-0.402105263157895
112	-0.366315789473684
113	-0.330526315789474
