Ind	Score
1	-0.431157894736842
2	-0.477052631578948
3	-0.522947368421053
4	-0.568842105263158
5	-0.535473684210527
6	-0.502105263157895
7	-0.455263157894737
8	-0.408421052631579
9	-0.36621052631579
10	-0.324
11	-0.237052631578948
12	-0.150105263157895
13	-0.0631578947368422
14	0.0237894736842104
15	0.110736842105263
16	0.197684210526316
17	0.284631578947368
18	0.371578947368421
19	0.462
20	0.552421052631579
21	0.642842105263158
22	0.733263157894737
23	0.825052631578947
24	0.835473684210526
25	0.845894736842105
26	0.842842105263158
27	0.839789473684211
28	0.84021052631579
29	0.840631578947369
30	0.837578947368421
31	0.830105263157895
32	0.820736842105263
33	0.722526315789474
34	0.624315789473684
35	0.526105263157895
36	0.427894736842105
37	0.329684210526316
38	0.231473684210526
39	0.133263157894737
40	0.0350526315789473
41	-0.0631578947368422
42	-0.162736842105263
43	-0.26021052631579
44	-0.357684210526316
45	-0.401473684210526
46	-0.445263157894737
47	-0.487894736842105
48	-0.530526315789474
49	-0.572
50	-0.609052631578948
51	-0.64421052631579
52	-0.590526315789474
53	-0.536842105263158
