Ind	Score
1	-0.0640000000000001
2	-0.0720000000000001
3	-0.0800000000000001
4	-0.0880000000000001
5	-0.0677894736842106
6	-0.0458947368421054
7	-0.0223157894736843
8	0.00126315789473676
9	0.0248421052631578
10	0.0547368421052631
11	0.087578947368421
12	0.125052631578947
13	0.173052631578947
14	0.221052631578947
15	0.271578947368421
16	0.324631578947369
17	0.377684210526316
18	0.430736842105263
19	0.486315789473684
20	0.542736842105263
21	0.599157894736842
22	0.655578947368421
23	0.712
24	0.740210526315789
25	0.766736842105263
26	0.789473684210526
27	0.810105263157895
28	0.834947368421053
29	0.853473684210526
30	0.872
31	0.887578947368421
32	0.888421052631579
33	0.885052631578947
34	0.881684210526316
35	0.876631578947368
36	0.871578947368421
37	0.866526315789474
38	0.858947368421053
39	0.848421052631579
40	0.835789473684211
41	0.823157894736842
42	0.810526315789474
43	0.797894736842105
44	0.785263157894737
45	0.774736842105263
46	0.766315789473684
47	0.753684210526316
48	0.741052631578947
49	0.730526315789474
50	0.722105263157895
51	0.717894736842105
52	0.717894736842105
53	0.717894736842105
54	0.717894736842105
55	0.722105263157895
56	0.729684210526316
57	0.737263157894737
58	0.746947368421053
59	0.758736842105263
60	0.770526315789474
61	0.782315789473684
62	0.79621052631579
63	0.810105263157895
64	0.824
65	0.83621052631579
66	0.846736842105263
67	0.853894736842105
68	0.858947368421052
69	0.861894736842105
70	0.864842105263158
71	0.86778947368421
72	0.870736842105263
73	0.873684210526316
74	0.872421052631579
75	0.86778947368421
76	0.863157894736842
77	0.858526315789474
78	0.848
79	0.838315789473684
80	0.828631578947369
81	0.816
82	0.803368421052632
83	0.790736842105263
84	0.779789473684211
85	0.770526315789474
86	0.76378947368421
87	0.755368421052631
88	0.738947368421052
89	0.718315789473684
90	0.699368421052631
91	0.679578947368421
92	0.658105263157895
93	0.610947368421052
94	0.56378947368421
95	0.516631578947368
96	0.469473684210526
97	0.428210526315789
98	0.386105263157895
99	0.344
100	0.302736842105263
101	0.267368421052631
102	0.232
103	0.196631578947368
104	0.162105263157895
105	0.125894736842105
106	0.0913684210526315
107	0.0648421052631579
108	0.0425263157894736
109	0.0185263157894736
110	-0.00463157894736848
111	-0.0261052631578948
112	-0.0218947368421053
113	-0.0176842105263158
