Ind	Score
1	-0.011578947368421
2	-0.0127368421052632
3	-0.0138947368421053
4	-0.0150526315789474
5	0.0127368421052632
6	0.0470526315789474
7	0.0836842105263158
8	0.126105263157895
9	0.171789473684211
10	0.215157894736842
11	0.259684210526316
12	0.31
13	0.360315789473684
14	0.410631578947368
15	0.460947368421052
16	0.511263157894737
17	0.561578947368421
18	0.611894736842105
19	0.662210526315789
20	0.705578947368421
21	0.748947368421053
22	0.792315789473684
23	0.835684210526316
24	0.850105263157895
25	0.858
26	0.863578947368421
27	0.863368421052632
28	0.861052631578948
29	0.861052631578948
30	0.861052631578948
31	0.855263157894737
32	0.849473684210527
33	0.846
34	0.842526315789474
35	0.839052631578947
36	0.835578947368421
37	0.832105263157895
38	0.828631578947368
39	0.832105263157895
40	0.835578947368421
41	0.839052631578947
42	0.842526315789474
43	0.852947368421053
44	0.863368421052632
45	0.873789473684211
46	0.884210526315789
47	0.893473684210526
48	0.902736842105263
49	0.912
50	0.921263157894737
51	0.930526315789474
52	0.937473684210526
53	0.944421052631579
54	0.951368421052631
55	0.958315789473684
56	0.965263157894737
57	0.972210526315789
58	0.979157894736842
59	0.986105263157895
60	0.993052631578947
61	0.997684210526316
62	0.995368421052631
63	0.991894736842105
64	0.988421052631579
65	0.984947368421053
66	0.981473684210526
67	0.978
68	0.974526315789474
69	0.971052631578948
70	0.965263157894737
71	0.956
72	0.944421052631579
73	0.929578947368421
74	0.906105263157895
75	0.880315789473684
76	0.854526315789474
77	0.827578947368421
78	0.800631578947368
79	0.772526315789473
80	0.746736842105263
81	0.720947368421052
82	0.696315789473684
83	0.671684210526316
84	0.649368421052631
85	0.627052631578947
86	0.604736842105263
87	0.580105263157895
88	0.554315789473684
89	0.530842105263158
90	0.505052631578947
91	0.479263157894737
92	0.453263157894737
93	0.409894736842105
94	0.372315789473684
95	0.337052631578947
96	0.306210526315789
97	0.284
98	0.265263157894737
99	0.246526315789473
100	0.228947368421052
101	0.211368421052631
102	0.194947368421052
103	0.176210526315789
104	0.157473684210526
105	0.130631578947368
106	0.106105263157895
107	0.082736842105263
108	0.0593684210526314
109	0.0417894736842104
110	0.0265263157894735
111	0.014736842105263
112	0.0289473684210525
113	0.0396842105263157
