Ind	Score
1	0.170105263157895
2	0.186526315789474
3	0.202947368421053
4	0.216421052631579
5	0.250105263157895
6	0.285473684210526
7	0.320842105263158
8	0.357052631578947
9	0.4
10	0.44378947368421
11	0.468631578947368
12	0.495157894736842
13	0.524210526315789
14	0.553263157894737
15	0.583157894736842
16	0.615578947368421
17	0.648
18	0.680421052631579
19	0.711157894736842
20	0.742736842105263
21	0.774315789473684
22	0.805894736842105
23	0.840421052631579
24	0.854736842105263
25	0.867368421052632
26	0.88
27	0.894736842105263
28	0.902736842105263
29	0.909894736842105
30	0.917052631578947
31	0.924210526315789
32	0.928842105263158
33	0.933473684210526
34	0.937263157894737
35	0.939368421052631
36	0.941473684210526
37	0.943578947368421
38	0.947368421052632
39	0.950315789473684
40	0.953263157894737
41	0.956210526315789
42	0.960842105263158
43	0.965473684210526
44	0.970105263157894
45	0.974736842105263
46	0.976421052631579
47	0.978105263157895
48	0.975578947368421
49	0.969263157894737
50	0.962947368421053
51	0.956631578947368
52	0.950315789473684
53	0.944
54	0.937684210526316
55	0.931368421052631
56	0.925052631578947
57	0.918736842105263
58	0.912421052631579
59	0.906105263157895
60	0.89978947368421
61	0.89178947368421
62	0.88378947368421
63	0.87578947368421
64	0.86778947368421
65	0.85978947368421
66	0.85178947368421
67	0.848
68	0.848
69	0.848
70	0.848
71	0.852210526315789
72	0.860210526315789
73	0.868210526315789
74	0.876210526315789
75	0.884210526315789
76	0.892210526315789
77	0.900210526315789
78	0.908210526315789
79	0.916210526315789
80	0.921684210526316
81	0.926315789473684
82	0.930947368421052
83	0.935578947368421
84	0.940210526315789
85	0.943157894736842
86	0.946105263157895
87	0.949052631578947
88	0.952
89	0.954947368421053
90	0.953684210526316
91	0.947789473684211
92	0.938526315789474
93	0.897263157894737
94	0.856
95	0.814736842105263
96	0.773473684210526
97	0.732210526315789
98	0.690947368421053
99	0.652210526315789
100	0.614315789473684
101	0.576421052631579
102	0.538526315789474
103	0.503157894736842
104	0.470315789473684
105	0.422736842105263
106	0.375157894736842
107	0.327578947368421
108	0.28
109	0.232421052631579
110	0.185684210526316
111	0.142315789473684
112	0.130947368421053
113	0.119578947368421
