Ind	Score
1	-0.170947368421053
2	-0.190105263157895
3	-0.17978947368421
4	-0.156210526315789
5	-0.128210526315789
6	-0.0972631578947368
7	-0.0648421052631579
8	-0.0324210526315789
9	8.22733694038011e-17
10	0.0412631578947369
11	0.0943157894736843
12	0.162105263157895
13	0.229894736842105
14	0.297684210526316
15	0.365473684210526
16	0.433263157894737
17	0.501052631578948
18	0.568842105263158
19	0.636631578947368
20	0.705894736842105
21	0.773684210526316
22	0.812526315789474
23	0.838631578947369
24	0.860315789473684
25	0.879052631578948
26	0.896315789473684
27	0.913578947368421
28	0.930842105263158
29	0.939263157894737
30	0.94621052631579
31	0.945789473684211
32	0.945368421052632
33	0.944947368421053
34	0.944526315789474
35	0.943578947368421
36	0.942105263157895
37	0.940631578947369
38	0.939157894736842
39	0.939157894736842
40	0.942105263157895
41	0.944526315789474
42	0.946421052631579
43	0.948315789473684
44	0.95021052631579
45	0.952105263157895
46	0.954
47	0.955894736842105
48	0.957789473684211
49	0.959684210526316
50	0.961578947368421
51	0.963473684210526
52	0.965368421052632
53	0.967263157894737
54	0.97021052631579
55	0.97421052631579
56	0.97821052631579
57	0.98221052631579
58	0.984736842105263
59	0.985789473684211
60	0.986842105263158
61	0.987894736842105
62	0.988947368421053
63	0.99
64	0.991052631578947
65	0.992105263157895
66	0.993157894736842
67	0.994210526315789
68	0.995263157894737
69	0.996315789473684
70	0.997368421052632
71	0.998421052631579
72	0.999473684210526
73	1
74	0.997052631578948
75	0.994105263157895
76	0.989684210526316
77	0.983789473684211
78	0.977894736842105
79	0.970526315789474
80	0.958736842105263
81	0.942526315789474
82	0.924842105263158
83	0.901263157894737
84	0.877684210526316
85	0.854105263157895
86	0.829052631578947
87	0.804
88	0.778947368421053
89	0.753894736842106
90	0.725894736842105
91	0.692947368421053
92	0.652631578947369
93	0.616736842105263
94	0.576421052631579
95	0.509473684210527
96	0.445473684210526
97	0.381473684210526
98	0.320421052631579
99	0.26821052631579
100	0.224842105263158
101	0.184421052631579
102	0.155789473684211
103	0.127157894736842
104	0.0985263157894739
105	0.0709473684210528
106	0.0433684210526317
107	0.0157894736842107
108	-0.0117894736842104
109	-0.0364210526315788
110	-0.0561052631578946
111	-0.0684210526315788
112	-0.0822105263157894
113	-0.091578947368421
