Ind	Score
1	0.455578947368421
2	0.500631578947369
3	0.545684210526316
4	0.590736842105263
5	0.637473684210526
6	0.684210526315789
7	0.733473684210526
8	0.776842105263158
9	0.82021052631579
10	0.862736842105263
11	0.859368421052632
12	0.853473684210526
13	0.850105263157895
14	0.846736842105263
15	0.843368421052631
16	0.84
17	0.837473684210526
18	0.834947368421052
19	0.832421052631579
20	0.829894736842105
21	0.816421052631579
22	0.789684210526316
23	0.761263157894737
24	0.711789473684211
25	0.659368421052631
26	0.604421052631579
27	0.555368421052632
28	0.506315789473684
29	0.458105263157895
30	0.409894736842105
31	0.370105263157895
32	0.327789473684211
33	0.286315789473684
34	0.244842105263158
35	0.205894736842105
36	0.166947368421053
37	0.128
38	0.0890526315789474
39	0.0501052631578947
40	0.0221052631578947
41	0.00736842105263154
42	-0.00568421052631584
43	0.000631578947368364
44	0.0216842105263157
45	0.0559999999999999
46	0.0919999999999999
47	0.147368421052632
48	0.205684210526316
49	0.264
50	0.316421052631579
51	0.368842105263158
52	0.420421052631579
53	0.472
54	0.521052631578947
55	0.570105263157895
56	0.619157894736842
57	0.668210526315789
58	0.717263157894737
59	0.766315789473684
60	0.815368421052632
61	0.864421052631579
62	0.913473684210526
63	0.950736842105263
64	0.974736842105263
65	0.997052631578948
66	1
67	1
68	1
69	1
70	1
71	1
72	1
73	1
74	1
75	1
76	1
77	1
78	1
79	1
80	1
81	1
82	1
83	1
84	1
85	1
86	1
87	1
88	1
89	1
90	0.991157894736842
91	0.982315789473684
92	0.973473684210526
93	0.964631578947369
94	0.898736842105263
95	0.832842105263158
96	0.766947368421053
97	0.701052631578947
98	0.635157894736842
99	0.569263157894737
100	0.503368421052631
101	0.437473684210526
102	0.371578947368421
103	0.305684210526316
104	0.239789473684211
105	0.173894736842105
106	0.121263157894737
107	0.0686315789473684
108	0.016
109	-0.0277894736842105
110	-0.071578947368421
111	-0.115368421052632
112	-0.159157894736842
113	-0.145894736842105
114	-0.132631578947368
