Ind	Score
1	-0.469052631578947
2	-0.525010526315789
3	-0.580968421052632
4	-0.636926315789474
5	-0.643663157894737
6	-0.6504
7	-0.629978947368421
8	-0.605978947368421
9	-0.5664
10	-0.526821052631579
11	-0.443494736842105
12	-0.360168421052632
13	-0.274315789473684
14	-0.188463157894737
15	-0.102610526315789
16	-0.0167578947368421
17	0.0724631578947368
18	0.161178947368421
19	0.249389473684211
20	0.3456
21	0.440968421052632
22	0.535494736842105
23	0.628336842105263
24	0.679957894736842
25	0.732421052631579
26	0.757726315789474
27	0.779452631578948
28	0.7856
29	0.785852631578948
30	0.783578947368421
31	0.781305263157895
32	0.732505263157895
33	0.683705263157895
34	0.634905263157895
35	0.586105263157895
36	0.534778947368421
37	0.483957894736842
38	0.433642105263158
39	0.383326315789474
40	0.334694736842106
41	0.28741052631579
42	0.242315789473684
43	0.189221052631579
44	0.143494736842105
45	0.0977684210526317
46	0.052042105263158
47	0.00631578947368432
48	-0.0335157894736841
49	-0.0708210526315789
50	-0.108126315789474
51	-0.0989052631578947
52	-0.0896842105263157
