Ind	Score
1	0.366736842105263
2	0.399578947368421
3	0.431578947368421
4	0.463578947368421
5	0.504
6	0.541052631578947
7	0.576421052631579
8	0.604210526315789
9	0.631157894736842
10	0.658105263157895
11	0.642526315789474
12	0.624421052631579
13	0.604210526315789
14	0.587789473684211
15	0.552
16	0.517894736842105
17	0.484631578947368
18	0.455157894736842
19	0.429052631578947
20	0.404631578947368
21	0.381052631578947
22	0.358315789473684
23	0.335578947368421
24	0.304421052631579
25	0.276631578947369
26	0.251368421052632
27	0.233684210526316
28	0.217684210526316
29	0.205052631578947
30	0.194105263157895
31	0.193263157894737
32	0.195368421052632
33	0.197473684210526
34	0.222315789473684
35	0.249684210526316
36	0.279157894736842
37	0.304842105263158
38	0.350736842105263
39	0.394947368421053
40	0.438315789473684
41	0.481684210526316
42	0.525052631578947
43	0.568421052631579
44	0.61178947368421
45	0.654315789473684
46	0.696842105263158
47	0.738526315789474
48	0.776842105263158
49	0.813473684210526
50	0.842526315789474
51	0.870736842105263
52	0.898947368421053
53	0.927157894736842
54	0.952842105263158
55	0.976421052631579
56	1
57	1
58	0.995789473684211
59	0.978105263157895
60	0.957894736842105
61	0.936
62	0.914105263157895
63	0.89221052631579
64	0.869473684210526
65	0.846736842105263
66	0.824
67	0.800421052631579
68	0.776842105263158
69	0.749052631578947
70	0.721263157894737
71	0.693473684210526
72	0.656421052631579
73	0.618526315789474
74	0.579789473684211
75	0.541052631578947
76	0.499789473684211
77	0.460210526315789
78	0.434105263157895
79	0.409684210526316
80	0.386947368421053
81	0.368421052631579
82	0.363368421052632
83	0.361684210526316
84	0.360842105263158
85	0.36
86	0.36
87	0.36
88	0.36421052631579
89	0.368421052631579
90	0.372631578947369
91	0.383578947368421
92	0.399578947368421
93	0.402947368421053
94	0.406315789473684
95	0.421473684210527
96	0.44
97	0.459368421052632
98	0.479578947368421
99	0.502315789473684
100	0.523368421052632
101	0.530947368421053
102	0.536842105263158
103	0.541894736842106
104	0.546947368421053
105	0.517894736842106
106	0.488842105263158
107	0.459789473684211
108	0.430736842105263
109	0.401684210526316
110	0.375157894736842
111	0.344421052631579
112	0.327157894736842
113	0.309894736842105
