Ind	Score
1	-0.0189473684210526
2	-0.0228210526315789
3	-0.0266947368421053
4	-0.0305684210526316
5	0.00395789473684211
6	0.0418526315789474
7	0.0776421052631579
8	0.115115789473684
9	0.151747368421053
10	0.188378947368421
11	0.225515789473684
12	0.2656
13	0.305684210526316
14	0.346189473684211
15	0.392168421052632
16	0.438147368421053
17	0.484968421052632
18	0.533894736842105
19	0.584926315789474
20	0.635957894736842
21	0.687831578947368
22	0.738863157894737
23	0.789894736842105
24	0.802526315789474
25	0.811789473684211
26	0.823157894736842
27	0.832842105263158
28	0.843368421052631
29	0.853894736842105
30	0.861894736842105
31	0.866947368421053
32	0.872842105263158
33	0.880421052631579
34	0.884631578947368
35	0.888842105263158
36	0.893052631578947
37	0.896736842105263
38	0.898315789473684
39	0.899894736842105
40	0.900631578947368
41	0.902210526315789
42	0.90378947368421
43	0.905368421052631
44	0.906947368421052
45	0.909368421052631
46	0.91178947368421
47	0.914210526315789
48	0.916631578947369
49	0.919894736842105
50	0.923157894736842
51	0.925578947368421
52	0.928
53	0.933368421052631
54	0.938736842105263
55	0.944105263157895
56	0.947894736842105
57	0.951684210526316
58	0.955473684210526
59	0.959263157894737
60	0.962315789473684
61	0.965368421052632
62	0.968421052631579
63	0.970631578947369
64	0.972
65	0.973368421052632
66	0.974736842105263
67	0.976105263157895
68	0.976631578947368
69	0.977157894736842
70	0.977684210526316
71	0.978210526315789
72	0.975789473684211
73	0.973368421052632
74	0.970947368421053
75	0.967684210526316
76	0.964421052631579
77	0.961157894736842
78	0.957894736842105
79	0.955368421052632
80	0.952842105263158
81	0.950315789473685
82	0.948631578947369
83	0.947789473684211
84	0.946947368421053
85	0.946105263157895
86	0.944421052631579
87	0.941894736842106
88	0.939368421052632
89	0.934315789473685
90	0.926736842105263
91	0.878315789473684
92	0.829894736842105
93	0.727578947368421
94	0.626105263157895
95	0.524631578947369
96	0.423157894736842
97	0.321684210526316
98	0.221052631578948
99	0.120421052631579
100	0.0197894736842106
101	-0.0808421052631578
102	-0.182315789473684
103	-0.283789473684211
104	-0.385263157894737
105	-0.434526315789474
106	-0.482105263157895
107	-0.529684210526316
108	-0.574736842105263
109	-0.617263157894737
110	-0.618947368421053
111	-0.620631578947369
112	-0.568421052631579
113	-0.51621052631579
