Ind	Score
1	-0.198315789473684
2	-0.223157894736842
3	-0.194631578947368
4	-0.162631578947368
5	-0.130631578947368
6	-0.0986315789473683
7	-0.0666315789473683
8	-0.0228421052631578
9	0.0209473684210527
10	0.0662105263157895
11	0.128947368421053
12	0.191684210526316
13	0.254421052631579
14	0.317157894736842
15	0.379894736842105
16	0.442631578947368
17	0.508315789473684
18	0.58578947368421
19	0.663263157894737
20	0.740736842105263
21	0.818210526315789
22	0.839368421052632
23	0.855052631578947
24	0.869263157894737
25	0.883473684210526
26	0.897684210526316
27	0.88978947368421
28	0.880421052631579
29	0.863684210526316
30	0.842526315789474
31	0.814421052631579
32	0.784842105263158
33	0.752315789473684
34	0.681263157894737
35	0.61021052631579
36	0.537684210526316
37	0.459263157894737
38	0.380842105263158
39	0.302421052631579
40	0.224
41	0.151473684210527
42	0.0829473684210529
43	0.0173684210526318
44	-0.0288421052631577
45	-0.0750526315789471
46	-0.110947368421052
47	-0.145368421052631
48	-0.173894736842105
49	-0.198
50	-0.215157894736842
51	-0.230842105263158
52	-0.243578947368421
