Ind	Score
1	-0.157894736842105
2	-0.204631578947368
3	-0.251368421052632
4	-0.298105263157895
5	-0.324631578947368
6	-0.351157894736842
7	-0.38021052631579
8	-0.408842105263158
9	-0.437473684210526
10	-0.466105263157895
11	-0.499789473684211
12	-0.530947368421053
13	-0.554526315789474
14	-0.573894736842105
15	-0.565473684210526
16	-0.551157894736842
17	-0.529263157894737
18	-0.503157894736842
19	-0.442947368421053
20	-0.376421052631579
21	-0.309894736842105
22	-0.243368421052632
23	-0.152
24	-0.0778947368421053
25	-0.00378947368421059
26	0.0728421052631578
27	0.149052631578947
28	0.217684210526316
29	0.286315789473684
30	0.354526315789474
31	0.419368421052631
32	0.421894736842105
33	0.424421052631579
34	0.408421052631579
35	0.389894736842105
36	0.363789473684211
37	0.333473684210526
38	0.293894736842105
39	0.250947368421053
40	0.208
41	0.165052631578947
42	0.0972631578947368
43	0.0265263157894736
44	-0.0210526315789474
45	-0.0686315789473685
46	-0.11621052631579
47	-0.15621052631579
48	-0.19621052631579
49	-0.238736842105263
50	-0.277894736842105
51	-0.254736842105263
52	-0.231578947368421
