Ind	Score
1	-0.791578947368421
2	-0.870736842105263
3	-0.949894736842106
4	-1.02905263157895
5	-0.982315789473684
6	-0.929684210526316
7	-0.877052631578948
8	-0.824421052631579
9	-0.771789473684211
10	-0.719157894736842
11	-0.587368421052632
12	-0.455578947368421
13	-0.32378947368421
14	-0.192
15	-0.0602105263157895
16	0.0715789473684211
17	0.203368421052632
18	0.335157894736842
19	0.466947368421053
20	0.598736842105263
21	0.730526315789474
22	0.862315789473684
23	0.994105263157895
24	1
25	1
26	1
27	1
28	1
29	1
30	1
31	1
32	1
33	1
34	1
35	1
36	1
37	1
38	1
39	1
40	1
41	1
42	1
43	1
44	1
45	1
46	1
47	1
48	1
49	1
50	1
51	1
52	1
53	1
54	1
55	1
56	1
57	1
58	1
59	0.99978947368421
60	0.999578947368421
61	0.999157894736842
62	0.998631578947368
63	0.998105263157895
64	0.997578947368421
65	0.997052631578948
66	0.996526315789474
67	0.996
68	0.995473684210526
69	0.991578947368421
70	0.982631578947368
71	0.972
72	0.961368421052632
73	0.950736842105263
74	0.940105263157894
75	0.929473684210526
76	0.918842105263158
77	0.908210526315789
78	0.89778947368421
79	0.887368421052631
80	0.877157894736842
81	0.867052631578947
82	0.857157894736842
83	0.847263157894737
84	0.837578947368421
85	0.828
86	0.818421052631579
87	0.808842105263158
88	0.802631578947368
89	0.801473684210526
90	0.802
91	0.802526315789473
92	0.806421052631579
93	0.720631578947368
94	0.636526315789473
95	0.552421052631579
96	0.468315789473684
97	0.384210526315789
98	0.300105263157895
99	0.216
100	0.131894736842105
101	0.047578947368421
102	-0.0367368421052631
103	-0.121263157894737
104	-0.205894736842105
105	-0.248421052631579
106	-0.290947368421053
107	-0.333473684210526
108	-0.376
109	-0.418526315789474
110	-0.461052631578947
111	-0.506947368421053
112	-0.463157894736842
113	-0.421052631578947
