Ind	Score
1	-0.156
2	-0.174105263157895
3	-0.152421052631579
4	-0.124842105263158
5	-0.0913684210526315
6	-0.0564210526315788
7	-0.0185263157894735
8	0.020842105263158
9	0.0602105263157896
10	0.102526315789474
11	0.161473684210526
12	0.223368421052632
13	0.285263157894737
14	0.348631578947369
15	0.414947368421053
16	0.481263157894737
17	0.546105263157895
18	0.610947368421053
19	0.67578947368421
20	0.743578947368421
21	0.811368421052632
22	0.839368421052632
23	0.861473684210527
24	0.877684210526316
25	0.892421052631579
26	0.90421052631579
27	0.914526315789474
28	0.924842105263158
29	0.93221052631579
30	0.933684210526316
31	0.933684210526316
32	0.933684210526316
33	0.935157894736842
34	0.933684210526316
35	0.932210526315789
36	0.933684210526316
37	0.935157894736842
38	0.936631578947369
39	0.936631578947369
40	0.936631578947369
41	0.936105263157895
42	0.934105263157895
43	0.932105263157895
44	0.930105263157895
45	0.928105263157895
46	0.926105263157895
47	0.924105263157895
48	0.922105263157895
49	0.923052631578947
50	0.924
51	0.924947368421053
52	0.924421052631579
53	0.926842105263158
54	0.929263157894737
55	0.93021052631579
56	0.931157894736842
57	0.932105263157895
58	0.933052631578948
59	0.934
60	0.936
61	0.940947368421053
62	0.945894736842105
63	0.950842105263158
64	0.955789473684211
65	0.960736842105263
66	0.962736842105263
67	0.963263157894737
68	0.962315789473684
69	0.959894736842105
70	0.956
71	0.950631578947369
72	0.943789473684211
73	0.936947368421053
74	0.930105263157895
75	0.923263157894737
76	0.914947368421053
77	0.903684210526316
78	0.892421052631579
79	0.877684210526316
80	0.861473684210527
81	0.845263157894737
82	0.829052631578948
83	0.812842105263158
84	0.796631578947369
85	0.786315789473684
86	0.778947368421053
87	0.771578947368421
88	0.767157894736842
89	0.762736842105263
90	0.758315789473684
91	0.753894736842105
92	0.749473684210527
93	0.743578947368421
94	0.73621052631579
95	0.687578947368421
96	0.644842105263158
97	0.602105263157895
98	0.565263157894737
99	0.528421052631579
100	0.491578947368421
101	0.454736842105263
102	0.417894736842106
103	0.381052631578948
104	0.341263157894737
105	0.300421052631579
106	0.259578947368421
107	0.217263157894737
108	0.176421052631579
109	0.137052631578948
110	0.0976842105263159
111	0.0583157894736843
112	0.0204210526315791
113	-0.0159999999999999
