Ind	Score
1	0.462315789473684
2	0.508547368421053
3	0.554778947368421
4	0.60101052631579
5	0.651115789473684
6	0.701221052631579
7	0.746273684210526
8	0.790484210526316
9	0.834694736842105
10	0.878905263157895
11	0.877726315789474
12	0.877389473684211
13	0.877894736842105
14	0.8784
15	0.878905263157895
16	0.879410526315789
17	0.879915789473684
18	0.880421052631579
19	0.880926315789474
20	0.881431578947368
21	0.881936842105263
22	0.882442105263158
23	0.882947368421052
24	0.879578947368421
25	0.87621052631579
26	0.877894736842105
27	0.880421052631579
28	0.882947368421052
29	0.885473684210526
30	0.892210526315789
31	0.898947368421052
32	0.888631578947368
33	0.875368421052631
34	0.862105263157895
35	0.842947368421053
36	0.822947368421053
37	0.802947368421053
38	0.782947368421053
39	0.758736842105263
40	0.733684210526316
41	0.708631578947368
42	0.683578947368421
43	0.658526315789474
44	0.633473684210526
45	0.608421052631579
46	0.583368421052631
47	0.554105263157894
48	0.524
49	0.484631578947368
50	0.443578947368421
51	0.418736842105263
52	0.396
53	0.373263157894737
54	0.356421052631579
55	0.356631578947368
56	0.35978947368421
57	0.362947368421052
58	0.374526315789474
59	0.38778947368421
60	0.398442105263158
61	0.406063157894737
62	0.417894736842105
63	0.428463157894737
64	0.439031578947368
65	0.447494736842105
66	0.449642105263158
67	0.452631578947368
68	0.459831578947369
69	0.467873684210527
70	0.480126315789474
71	0.494063157894737
72	0.51221052631579
73	0.5312
74	0.533978947368421
75	0.534652631578948
76	0.535326315789474
77	0.531789473684211
78	0.526568421052632
79	0.523957894736843
80	0.524378947368421
81	0.522273684210526
82	0.521431578947368
83	0.5232
84	0.530105263157895
85	0.547536842105263
86	0.567073684210527
87	0.586610526315789
88	0.608252631578947
89	0.63621052631579
90	0.663326315789474
91	0.686231578947369
92	0.707452631578947
93	0.728673684210526
94	0.666736842105263
95	0.6048
96	0.542863157894737
97	0.481768421052632
98	0.420673684210526
99	0.359578947368421
100	0.2968
101	0.234863157894737
102	0.170315789473684
103	0.102736842105263
104	0.0351578947368422
105	-0.0345263157894736
106	-0.0736842105263158
107	-0.114947368421053
108	-0.166736842105263
109	-0.218526315789474
110	-0.270315789473684
111	-0.321263157894737
112	-0.37221052631579
113	-0.340842105263158
114	-0.309473684210526
