Ind	Score
1	-0.152631578947368
2	-0.167894736842105
3	-0.183157894736842
4	-0.198421052631579
5	-0.150947368421053
6	-0.103473684210526
7	-0.056
8	-0.00505263157894739
9	0.047578947368421
10	0.100210526315789
11	0.168105263157895
12	0.236
13	0.303894736842105
14	0.371789473684211
15	0.439684210526316
16	0.507578947368421
17	0.575473684210526
18	0.643368421052632
19	0.711263157894737
20	0.779157894736842
21	0.847052631578948
22	0.914947368421053
23	0.982842105263158
24	0.988
25	0.993157894736842
26	0.998315789473684
27	1
28	1
29	1
30	1
31	1
32	1
33	1
34	1
35	1
36	1
37	1
38	1
39	1
40	1
41	1
42	1
43	1
44	1
45	1
46	1
47	1
48	1
49	1
50	1
51	1
52	1
53	1
54	1
55	1
56	1
57	1
58	1
59	1
60	1
61	1
62	1
63	1
64	1
65	1
66	0.988631578947368
67	0.977263157894737
68	0.965052631578947
69	0.951157894736842
70	0.937263157894737
71	0.923368421052631
72	0.909473684210526
73	0.895578947368421
74	0.881684210526316
75	0.86778947368421
76	0.853894736842105
77	0.84
78	0.750315789473684
79	0.660631578947368
80	0.570947368421053
81	0.474526315789474
82	0.371368421052632
83	0.26821052631579
84	0.165052631578947
85	0.073263157894737
86	-0.0252631578947367
87	-0.127157894736842
88	-0.227368421052631
89	-0.316210526315789
90	-0.405052631578947
91	-0.493052631578947
92	-0.579368421052632
93	-0.701894736842105
94	-0.824421052631579
95	-0.946947368421053
96	-1.06947368421053
97	-1.11621052631579
98	-1.16294736842105
99	-1.20968421052632
100	-1.24968421052632
101	-1.20715789473684
102	-1.16463157894737
103	-1.12210526315789
104	-1.07284210526316
105	-1.01557894736842
106	-0.954105263157895
107	-0.892631578947369
108	-0.842526315789474
109	-0.792421052631579
110	-0.743157894736842
111	-0.695578947368421
112	-0.611789473684211
113	-0.528
