Ind	Score
1	0.0909473684210526
2	0.0993684210526315
3	0.10778947368421
4	0.116210526315789
5	0.143578947368421
6	0.170947368421053
7	0.198315789473684
8	0.225684210526316
9	0.257263157894737
10	0.288842105263158
11	0.312842105263158
12	0.338526315789474
13	0.369263157894737
14	0.407578947368421
15	0.447578947368421
16	0.488421052631579
17	0.530947368421053
18	0.574315789473684
19	0.617684210526316
20	0.661052631578948
21	0.704421052631579
22	0.747789473684211
23	0.791157894736842
24	0.815578947368421
25	0.84
26	0.864421052631579
27	0.888842105263158
28	0.909052631578948
29	0.929263157894737
30	0.945263157894737
31	0.960421052631579
32	0.97221052631579
33	0.977263157894737
34	0.980631578947369
35	0.983157894736842
36	0.984
37	0.984
38	0.984
39	0.984
40	0.984
41	0.984
42	0.984
43	0.984
44	0.984
45	0.984
46	0.984
47	0.984
48	0.984
49	0.984
50	0.984
51	0.984842105263158
52	0.985684210526316
53	0.986526315789474
54	0.987368421052632
55	0.987368421052632
56	0.987368421052632
57	0.987368421052632
58	0.987368421052632
59	0.987368421052632
60	0.987368421052632
61	0.987368421052632
62	0.987368421052632
63	0.987368421052632
64	0.987368421052632
65	0.987368421052632
66	0.987368421052632
67	0.987368421052632
68	0.987368421052632
69	0.986526315789474
70	0.984842105263158
71	0.982315789473684
72	0.979789473684211
73	0.977263157894737
74	0.975578947368421
75	0.973894736842106
76	0.97221052631579
77	0.970526315789474
78	0.969684210526316
79	0.968842105263158
80	0.968
81	0.967157894736842
82	0.966315789473684
83	0.965473684210526
84	0.964631578947369
85	0.963789473684211
86	0.962947368421053
87	0.960421052631579
88	0.957894736842105
89	0.954526315789474
90	0.952
91	0.946105263157895
92	0.939368421052632
93	0.899368421052632
94	0.86021052631579
95	0.821052631578947
96	0.781894736842105
97	0.741894736842105
98	0.701894736842105
99	0.661894736842105
100	0.621894736842105
101	0.581894736842105
102	0.541894736842105
103	0.501894736842105
104	0.461894736842105
105	0.410947368421053
106	0.361684210526316
107	0.313263157894737
108	0.265684210526316
109	0.218105263157895
110	0.173894736842105
111	0.130526315789474
112	0.120421052631579
113	0.109473684210526
