Ind	Score
1	-0.135157894736842
2	-0.152
3	-0.168842105263158
4	-0.185684210526316
5	-0.16621052631579
6	-0.143263157894737
7	-0.11221052631579
8	-0.0811578947368422
9	-0.0454736842105264
10	-0.0065263157894738
11	0.0459999999999999
12	0.0985263157894736
13	0.156842105263158
14	0.215157894736842
15	0.273473684210526
16	0.33178947368421
17	0.390105263157895
18	0.451684210526316
19	0.513263157894737
20	0.576
21	0.638736842105263
22	0.704736842105263
23	0.770736842105263
24	0.801578947368421
25	0.828947368421053
26	0.848210526315789
27	0.867473684210526
28	0.882105263157895
29	0.894631578947368
30	0.906
31	0.917368421052631
32	0.924105263157895
33	0.930842105263158
34	0.937578947368421
35	0.944315789473684
36	0.951052631578947
37	0.957789473684211
38	0.964526315789474
39	0.971263157894737
40	0.978
41	0.981473684210526
42	0.984947368421052
43	0.987263157894737
44	0.989578947368421
45	0.991894736842105
46	0.994210526315789
47	0.996526315789474
48	0.996631578947368
49	0.996736842105263
50	0.996842105263158
51	0.995789473684211
52	0.994736842105263
53	0.993684210526316
54	0.992631578947368
55	0.991578947368421
56	0.990526315789474
57	0.989473684210526
58	0.988421052631579
59	0.987368421052632
60	0.986315789473684
61	0.985263157894737
62	0.983052631578947
63	0.980842105263158
64	0.976315789473684
65	0.971789473684211
66	0.967263157894737
67	0.963789473684211
68	0.960315789473684
69	0.956842105263158
70	0.953368421052632
71	0.946526315789474
72	0.936421052631579
73	0.926315789473684
74	0.916210526315789
75	0.906105263157895
76	0.896
77	0.885894736842105
78	0.87578947368421
79	0.865684210526316
80	0.854421052631579
81	0.843157894736842
82	0.831894736842105
83	0.822947368421053
84	0.814
85	0.799263157894737
86	0.783368421052631
87	0.764
88	0.74
89	0.712526315789473
90	0.68378947368421
91	0.657157894736842
92	0.625894736842105
93	0.572105263157895
94	0.522736842105263
95	0.476631578947368
96	0.430526315789473
97	0.384421052631579
98	0.338315789473684
99	0.293368421052631
100	0.249578947368421
101	0.20578947368421
102	0.162
103	0.119368421052631
104	0.0836842105263156
105	0.0514736842105261
106	0.022736842105263
107	-0.00136842105263174
108	-0.0220000000000002
109	-0.0380000000000001
110	-0.052842105263158
111	-0.0630526315789475
112	-0.0507368421052633
113	-0.042842105263158
