Ind	Score
1	-0.45578947368421
2	-0.503578947368421
3	-0.551368421052631
4	-0.599157894736842
5	-0.590421052631579
6	-0.57221052631579
7	-0.545473684210526
8	-0.517578947368421
9	-0.471052631578947
10	-0.424526315789474
11	-0.339789473684211
12	-0.256526315789474
13	-0.172421052631579
14	-0.0883157894736842
15	-0.00421052631578946
16	0.0807368421052631
17	0.16978947368421
18	0.258842105263158
19	0.347473684210526
20	0.435684210526316
21	0.523894736842105
22	0.612105263157895
23	0.699157894736842
24	0.729684210526316
25	0.750736842105263
26	0.756315789473684
27	0.760736842105263
28	0.745368421052632
29	0.73
30	0.719263157894737
31	0.707578947368421
32	0.587368421052631
33	0.467157894736842
34	0.352736842105263
35	0.23978947368421
36	0.126
37	0.0122105263157894
38	-0.101157894736842
39	-0.214105263157895
40	-0.327052631578948
41	-0.44
42	-0.551368421052632
43	-0.662315789473684
44	-0.701578947368421
45	-0.733894736842105
46	-0.766210526315789
47	-0.797368421052632
48	-0.828526315789474
49	-0.859684210526316
50	-0.887578947368421
51	-0.806947368421053
52	-0.726315789473684
