Ind	Score
1	-0.0526315789473685
2	-0.0625263157894737
3	-0.072421052631579
4	-0.0823157894736842
5	-0.0410526315789474
6	0.000210526315789432
7	0.043578947368421
8	0.0857894736842105
9	0.129157894736842
10	0.171368421052632
11	0.215368421052631
12	0.255894736842105
13	0.296421052631579
14	0.335789473684211
15	0.359894736842105
16	0.379052631578947
17	0.392105263157895
18	0.407052631578947
19	0.423157894736842
20	0.440421052631579
21	0.458842105263158
22	0.479578947368421
23	0.500315789473684
24	0.471052631578947
25	0.44178947368421
26	0.406947368421053
27	0.373263157894737
28	0.338421052631579
29	0.302421052631579
30	0.268736842105263
31	0.238526315789474
32	0.129368421052631
33	0.0225263157894736
34	-0.0667368421052632
35	-0.147578947368421
36	-0.221157894736842
37	-0.292
38	-0.347578947368421
39	-0.39821052631579
40	-0.442736842105263
41	-0.488
42	-0.533263157894737
43	-0.579684210526316
44	-0.591684210526316
45	-0.60021052631579
46	-0.608736842105263
47	-0.617263157894737
48	-0.623473684210526
49	-0.630842105263158
50	-0.638210526315789
51	-0.566631578947368
52	-0.496210526315789
