Ind	Score
1	0.291368421052631
2	0.31738947368421
3	0.343410526315789
4	0.369431578947368
5	0.416168421052632
6	0.463747368421053
7	0.510484210526316
8	0.557221052631579
9	0.603957894736842
10	0.650694736842105
11	0.666357894736842
12	0.682863157894737
13	0.699368421052632
14	0.712505263157895
15	0.725642105263158
16	0.739621052631579
17	0.7536
18	0.770947368421053
19	0.789136842105263
20	0.807326315789474
21	0.825515789473684
22	0.847073684210526
23	0.869473684210526
24	0.871157894736842
25	0.872
26	0.873684210526316
27	0.875368421052631
28	0.877052631578947
29	0.877894736842105
30	0.879578947368421
31	0.881263157894737
32	0.882947368421053
33	0.888
34	0.893052631578947
35	0.89221052631579
36	0.882105263157895
37	0.873684210526316
38	0.865263157894737
39	0.856842105263158
40	0.848421052631579
41	0.836631578947368
42	0.824
43	0.811368421052632
44	0.798736842105263
45	0.786105263157895
46	0.773473684210526
47	0.760842105263158
48	0.749052631578947
49	0.736421052631579
50	0.723789473684211
51	0.711157894736842
52	0.699368421052632
53	0.687578947368421
54	0.680842105263158
55	0.683368421052632
56	0.684210526315789
57	0.685052631578947
58	0.690947368421053
59	0.706105263157895
60	0.722947368421053
61	0.739789473684211
62	0.756631578947368
63	0.773473684210526
64	0.790315789473684
65	0.807157894736842
66	0.824
67	0.840842105263158
68	0.857684210526316
69	0.874526315789474
70	0.891368421052631
71	0.907368421052631
72	0.923368421052631
73	0.938526315789474
74	0.953684210526316
75	0.968842105263158
76	0.984
77	0.994105263157895
78	0.990736842105263
79	0.985684210526316
80	0.980631578947369
81	0.975578947368421
82	0.970526315789474
83	0.965263157894737
84	0.96
85	0.954736842105263
86	0.949473684210526
87	0.940842105263158
88	0.932210526315789
89	0.923578947368421
90	0.914947368421053
91	0.906315789473684
92	0.896842105263158
93	0.887368421052632
94	0.821473684210527
95	0.755578947368421
96	0.690526315789474
97	0.629684210526316
98	0.568842105263158
99	0.508
100	0.447157894736842
101	0.390526315789473
102	0.334105263157895
103	0.277684210526316
104	0.221263157894737
105	0.164842105263158
106	0.120842105263158
107	0.0768421052631578
108	0.0328421052631578
109	-0.0111578947368422
110	-0.0551578947368422
111	-0.0974736842105264
112	-0.139789473684211
113	-0.125684210526316
114	-0.111578947368421
