Ind	Score
1	0.121052631578947
2	0.133157894736842
3	0.142947368421053
4	0.152736842105263
5	0.189157894736842
6	0.22578947368421
7	0.263578947368421
8	0.301368421052632
9	0.339157894736842
10	0.382736842105263
11	0.413052631578947
12	0.442210526315789
13	0.472526315789474
14	0.504
15	0.535473684210526
16	0.56578947368421
17	0.594947368421052
18	0.624105263157895
19	0.64978947368421
20	0.675473684210526
21	0.701157894736842
22	0.729157894736842
23	0.753684210526316
24	0.750421052631579
25	0.746947368421052
26	0.744631578947368
27	0.742315789473684
28	0.74
29	0.735157894736842
30	0.731473684210526
31	0.730105263157894
32	0.727578947368421
33	0.723894736842105
34	0.721368421052631
35	0.721157894736842
36	0.722105263157894
37	0.723052631578947
38	0.727473684210526
39	0.733052631578947
40	0.739789473684211
41	0.746526315789474
42	0.76021052631579
43	0.775052631578948
44	0.789894736842106
45	0.802421052631579
46	0.818421052631579
47	0.835578947368421
48	0.849473684210526
49	0.863368421052632
50	0.876105263157895
51	0.888842105263158
52	0.901052631578948
53	0.911578947368421
54	0.920947368421053
55	0.930315789473684
56	0.939684210526316
57	0.948526315789474
58	0.955052631578947
59	0.960421052631579
60	0.965789473684211
61	0.966526315789474
62	0.967263157894737
63	0.968
64	0.965263157894737
65	0.956736842105263
66	0.947052631578947
67	0.937368421052632
68	0.927684210526316
69	0.916842105263158
70	0.906
71	0.895684210526316
72	0.885894736842106
73	0.876105263157895
74	0.866315789473684
75	0.855894736842105
76	0.846526315789474
77	0.838315789473684
78	0.830105263157895
79	0.821894736842105
80	0.815368421052631
81	0.81
82	0.804631578947368
83	0.802736842105263
84	0.804315789473684
85	0.805894736842105
86	0.807473684210526
87	0.812526315789474
88	0.821052631578947
89	0.827263157894737
90	0.833473684210526
91	0.838526315789474
92	0.840105263157895
93	0.80021052631579
94	0.760947368421053
95	0.721157894736842
96	0.681368421052631
97	0.641578947368421
98	0.602947368421053
99	0.563789473684211
100	0.523473684210526
101	0.483157894736842
102	0.442842105263158
103	0.401368421052631
104	0.359894736842105
105	0.315368421052631
106	0.267368421052631
107	0.217052631578947
108	0.169052631578947
109	0.121052631578947
110	0.0742105263157894
111	0.0308421052631578
112	0.0289473684210525
113	0.0270526315789473
