Ind	Score
1	0.220210526315789
2	0.241052631578947
3	0.261894736842105
4	0.282736842105263
5	0.329473684210526
6	0.375368421052632
7	0.421263157894737
8	0.468
9	0.514736842105263
10	0.562315789473684
11	0.587368421052632
12	0.611578947368421
13	0.636631578947368
14	0.661684210526316
15	0.688421052631579
16	0.716
17	0.743578947368421
18	0.771157894736842
19	0.798736842105263
20	0.828
21	0.857263157894737
22	0.886526315789474
23	0.915789473684211
24	0.919157894736842
25	0.92
26	0.92
27	0.918315789473684
28	0.910736842105263
29	0.900631578947369
30	0.890526315789474
31	0.879578947368421
32	0.867789473684211
33	0.856
34	0.842526315789474
35	0.829894736842105
36	0.817263157894737
37	0.804631578947368
38	0.791157894736842
39	0.776842105263158
40	0.762526315789474
41	0.74821052631579
42	0.733894736842105
43	0.719578947368421
44	0.706947368421053
45	0.695157894736842
46	0.68421052631579
47	0.68
48	0.680842105263158
49	0.682526315789474
50	0.686736842105263
51	0.696842105263158
52	0.709473684210526
53	0.721263157894737
54	0.733894736842105
55	0.746526315789474
56	0.759157894736842
57	0.772631578947368
58	0.786105263157895
59	0.799578947368421
60	0.813052631578947
61	0.827368421052632
62	0.839157894736842
63	0.852631578947369
64	0.861894736842105
65	0.866947368421053
66	0.871157894736842
67	0.873684210526316
68	0.875368421052632
69	0.876210526315789
70	0.871157894736842
71	0.863578947368421
72	0.856842105263158
73	0.848421052631579
74	0.84
75	0.831578947368421
76	0.824
77	0.816421052631579
78	0.808842105263158
79	0.801263157894737
80	0.792842105263158
81	0.786947368421053
82	0.777684210526316
83	0.765894736842105
84	0.758315789473684
85	0.750947368421053
86	0.741894736842105
87	0.735578947368421
88	0.732631578947368
89	0.728
90	0.721684210526316
91	0.714526315789473
92	0.706526315789474
93	0.690526315789474
94	0.646315789473684
95	0.601263157894737
96	0.556210526315789
97	0.511157894736842
98	0.466105263157895
99	0.421052631578947
100	0.376
101	0.334315789473684
102	0.299368421052631
103	0.264421052631579
104	0.229263157894737
105	0.197473684210526
106	0.162947368421053
107	0.125052631578947
108	0.0888421052631578
109	0.0543157894736841
110	0.0206315789473683
111	-0.0122105263157895
112	-0.0370526315789474
113	-0.0336842105263159
114	-0.0303157894736843
