Ind	Score
1	-0.568
2	-0.6248
3	-0.6816
4	-0.7384
5	-0.700252631578948
6	-0.658736842105264
7	-0.617221052631579
8	-0.567957894736843
9	-0.515326315789474
10	-0.462694736842106
11	-0.353263157894737
12	-0.243831578947369
13	-0.1344
14	-0.0249684210526318
15	0.0844631578947367
16	0.193894736842105
17	0.303326315789473
18	0.412757894736842
19	0.522189473684211
20	0.631621052631579
21	0.741052631578947
22	0.850484210526316
23	0.959915789473684
24	0.9744
25	0.985515789473684
26	0.996631578947368
27	1
28	1
29	1
30	1
31	1
32	1
33	1
34	1
35	1
36	1
37	1
38	1
39	1
40	1
41	1
42	1
43	1
44	1
45	1
46	1
47	1
48	1
49	1
50	1
51	1
52	1
53	1
54	1
55	1
56	1
57	1
58	1
59	1
60	1
61	1
62	1
63	1
64	1
65	1
66	1
67	1
68	1
69	1
70	1
71	1
72	1
73	1
74	1
75	1
76	1
77	1
78	1
79	1
80	1
81	1
82	1
83	1
84	1
85	1
86	1
87	1
88	1
89	1
90	1
91	1
92	1
93	0.937052631578947
94	0.874105263157895
95	0.811157894736842
96	0.74821052631579
97	0.685263157894737
98	0.622315789473684
99	0.559368421052632
100	0.496421052631579
101	0.433473684210526
102	0.370526315789474
103	0.307578947368421
104	0.244631578947368
105	0.192
106	0.139368421052632
107	0.0867368421052632
108	0.0341052631578948
109	-0.0185263157894737
110	-0.0711578947368421
111	-0.123789473684211
112	-0.113473684210526
113	-0.103157894736842
