Ind	Score
1	-0.0370526315789474
2	-0.0450526315789474
3	-0.0530526315789474
4	-0.0610526315789474
5	-0.0290526315789474
6	0.00463157894736841
7	0.0421052631578947
8	0.0804210526315789
9	0.120421052631579
10	0.157473684210526
11	0.199157894736842
12	0.240842105263158
13	0.282526315789474
14	0.325052631578947
15	0.370105263157895
16	0.415157894736842
17	0.463157894736842
18	0.512842105263158
19	0.562526315789474
20	0.61221052631579
21	0.664
22	0.718315789473684
23	0.772631578947369
24	0.787789473684211
25	0.801263157894737
26	0.810947368421053
27	0.819789473684211
28	0.825263157894737
29	0.833684210526316
30	0.837473684210527
31	0.838315789473685
32	0.813473684210527
33	0.725052631578948
34	0.634105263157895
35	0.543157894736842
36	0.45221052631579
37	0.362105263157895
38	0.272
39	0.182736842105263
40	0.0913684210526318
41	-0.00168421052631557
42	-0.0947368421052629
43	-0.18778947368421
44	-0.28
45	-0.327157894736842
46	-0.374315789473684
47	-0.41978947368421
48	-0.465263157894737
49	-0.509052631578947
50	-0.549894736842105
51	-0.565052631578947
52	-0.517473684210526
53	-0.469894736842105
