Ind	Score
1	-0.280421052631579
2	-0.308463157894737
3	-0.336505263157895
4	-0.364547368421053
5	-0.376421052631579
6	-0.3824
7	-0.381642105263158
8	-0.3792
9	-0.376757894736842
10	-0.373473684210526
11	-0.326989473684211
12	-0.280505263157895
13	-0.21381052631579
14	-0.144589473684211
15	-0.0639157894736843
16	0.0150736842105263
17	0.0940631578947368
18	0.173052631578947
19	0.252042105263158
20	0.331031578947368
21	0.410021052631579
22	0.489010526315789
23	0.568
24	0.630821052631579
25	0.687747368421053
26	0.737936842105263
27	0.786442105263158
28	0.834105263157895
29	0.8784
30	0.907536842105263
31	0.934147368421053
32	0.940547368421052
33	0.909894736842105
34	0.86778947368421
35	0.827368421052631
36	0.786947368421053
37	0.746526315789474
38	0.706105263157895
39	0.667368421052631
40	0.628631578947368
41	0.589894736842105
42	0.551157894736842
43	0.512421052631579
44	0.473684210526316
45	0.422736842105263
46	0.371789473684211
47	0.321684210526316
48	0.274105263157895
49	0.226526315789474
50	0.181473684210526
51	0.136421052631579
52	0.125894736842105
53	0.115368421052632
