Ind	Score
1	-0.0528421052631579
2	-0.0674736842105263
3	-0.0821052631578948
4	-0.0967368421052632
5	-0.0749473684210527
6	-0.050842105263158
7	-0.024421052631579
8	0.00199999999999989
9	0.0284210526315788
10	0.057157894736842
11	0.0789473684210525
12	0.105157894736842
13	0.132526315789474
14	0.165684210526316
15	0.198842105263158
16	0.242210526315789
17	0.288842105263158
18	0.341263157894737
19	0.393684210526316
20	0.453052631578947
21	0.516842105263158
22	0.580631578947368
23	0.643263157894737
24	0.663684210526316
25	0.684105263157895
26	0.702210526315789
27	0.720315789473684
28	0.734
29	0.743052631578947
30	0.731473684210526
31	0.717578947368421
32	0.675052631578947
33	0.632526315789474
34	0.59
35	0.544210526315789
36	0.497263157894737
37	0.444526315789474
38	0.39178947368421
39	0.332105263157895
40	0.270315789473684
41	0.208526315789474
42	0.147894736842105
43	0.0930526315789473
44	0.0485263157894736
45	0.00399999999999997
46	-0.0405263157894737
47	-0.0806315789473685
48	-0.118421052631579
49	-0.135578947368421
50	-0.151578947368421
51	-0.138947368421053
52	-0.126315789473684
