Ind	Score
1	-0.485052631578947
2	-0.536210526315789
3	-0.587368421052631
4	-0.638526315789473
5	-0.633473684210526
6	-0.604842105263158
7	-0.573684210526315
8	-0.539578947368421
9	-0.505473684210526
10	-0.468421052631579
11	-0.388210526315789
12	-0.30378947368421
13	-0.219368421052631
14	-0.125263157894737
15	-0.030315789473684
16	0.0646315789473685
17	0.159578947368421
18	0.263368421052632
19	0.367157894736842
20	0.470947368421053
21	0.574736842105263
22	0.678526315789474
23	0.782315789473684
24	0.829894736842105
25	0.846315789473684
26	0.860210526315789
27	0.866947368421053
28	0.872842105263158
29	0.872842105263158
30	0.872
31	0.866947368421053
32	0.775368421052632
33	0.682947368421053
34	0.589684210526316
35	0.496421052631579
36	0.403157894736842
37	0.301052631578947
38	0.198947368421053
39	0.0968421052631579
40	-0.00526315789473684
41	-0.107368421052632
42	-0.209473684210526
43	-0.311578947368421
44	-0.356631578947368
45	-0.401684210526316
46	-0.442526315789474
47	-0.482526315789474
48	-0.519578947368421
49	-0.556631578947368
50	-0.593684210526316
51	-0.544210526315789
52	-0.494736842105263
