Ind	Score
1	-0.38421052631579
2	-0.432294736842105
3	-0.480378947368421
4	-0.528463157894737
5	-0.566778947368421
6	-0.604252631578947
7	-0.627621052631579
8	-0.650989473684211
9	-0.674357894736842
10	-0.697726315789474
11	-0.709852631578948
12	-0.699663157894737
13	-0.683578947368421
14	-0.639494736842105
15	-0.584463157894737
16	-0.5088
17	-0.433136842105263
18	-0.333263157894737
19	-0.232547368421053
20	-0.131831578947368
21	-0.0311157894736843
22	0.0695999999999999
23	0.169473684210526
24	0.259578947368421
25	0.348842105263158
26	0.424
27	0.499157894736842
28	0.574315789473684
29	0.649473684210526
30	0.686210526315789
31	0.715789473684211
32	0.600736842105263
33	0.481894736842105
34	0.352947368421053
35	0.203368421052632
36	0.0537894736842106
37	-0.12
38	-0.294631578947368
39	-0.469263157894737
40	-0.643894736842105
41	-0.818526315789473
42	-0.992315789473684
43	-1.16610526315789
44	-1.21789473684211
45	-1.26968421052632
46	-1.32147368421053
47	-1.37326315789474
48	-1.42505263157895
49	-1.44726315789474
50	-1.464
51	-1.342
52	-1.22
