Ind	Score
1	-0.532631578947369
2	-0.585894736842105
3	-0.639157894736842
4	-0.692421052631579
5	-0.674736842105263
6	-0.65621052631579
7	-0.631789473684211
8	-0.607368421052632
9	-0.571157894736842
10	-0.525263157894737
11	-0.42021052631579
12	-0.315157894736842
13	-0.210105263157895
14	-0.10421052631579
15	0.00168421052631577
16	0.107578947368421
17	0.213473684210526
18	0.319368421052631
19	0.425263157894737
20	0.531157894736842
21	0.637052631578947
22	0.742947368421052
23	0.848842105263158
24	0.878736842105263
25	0.905684210526316
26	0.921684210526316
27	0.937684210526316
28	0.941894736842105
29	0.933473684210526
30	0.908421052631579
31	0.883368421052631
32	0.753052631578947
33	0.621894736842105
34	0.490736842105263
35	0.359578947368421
36	0.228421052631579
37	0.0972631578947369
38	-0.0338947368421052
39	-0.165052631578947
40	-0.296210526315789
41	-0.427368421052631
42	-0.558526315789474
43	-0.684631578947369
44	-0.730105263157895
45	-0.770526315789474
46	-0.810947368421053
47	-0.851368421052632
48	-0.888842105263158
49	-0.915578947368421
50	-0.942315789473684
51	-0.863789473684211
52	-0.785263157894737
