Ind	Score
1	-0.384631578947368
2	-0.42378947368421
3	-0.462947368421053
4	-0.502105263157895
5	-0.471473684210526
6	-0.437578947368421
7	-0.402526315789474
8	-0.367473684210527
9	-0.325894736842105
10	-0.284315789473684
11	-0.202421052631579
12	-0.120526315789474
13	-0.0375789473684211
14	0.0486315789473683
15	0.138105263157895
16	0.227578947368421
17	0.318210526315789
18	0.408842105263158
19	0.499473684210526
20	0.590105263157894
21	0.672105263157895
22	0.750842105263158
23	0.824947368421053
24	0.829263157894737
25	0.819368421052631
26	0.803684210526316
27	0.781368421052632
28	0.752526315789474
29	0.719263157894737
30	0.683684210526316
31	0.642315789473684
32	0.561578947368421
33	0.477578947368421
34	0.390315789473684
35	0.303052631578947
36	0.215789473684211
37	0.128526315789474
38	0.0412631578947369
39	-0.046
40	-0.124631578947368
41	-0.2
42	-0.270736842105263
43	-0.341473684210526
44	-0.365473684210526
45	-0.384842105263158
46	-0.397578947368421
47	-0.410315789473684
48	-0.418631578947368
49	-0.426947368421053
50	-0.429473684210526
51	-0.393684210526316
52	-0.357894736842105
