Ind	Score
1	-0.0669473684210527
2	-0.0754105263157895
3	-0.0838736842105264
4	-0.0923368421052632
5	-0.0706526315789474
6	-0.0586526315789474
7	-0.0361263157894738
8	-0.00981052631578956
9	0.0217684210526315
10	0.0553684210526315
11	0.0906105263157894
12	0.128378947368421
13	0.166147368421053
14	0.2056
15	0.248842105263158
16	0.294610526315789
17	0.339536842105263
18	0.382778947368421
19	0.429810526315789
20	0.476842105263158
21	0.523873684210526
22	0.570905263157895
23	0.617936842105263
24	0.634821052631579
25	0.657178947368421
26	0.669010526315789
27	0.677052631578947
28	0.679831578947368
29	0.690273684210526
30	0.698273684210526
31	0.7008
32	0.642905263157895
33	0.583831578947369
34	0.525263157894737
35	0.464168421052632
36	0.403915789473684
37	0.345347368421053
38	0.282989473684211
39	0.220631578947369
40	0.159115789473684
41	0.0992842105263159
42	0.0394526315789475
43	-0.0203789473684209
44	-0.054736842105263
45	-0.0890947368421051
46	-0.123452631578947
47	-0.157810526315789
48	-0.201852631578947
49	-0.242947368421053
50	-0.278568421052632
51	-0.253768421052632
52	-0.229473684210526
