Ind	Score
1	-0.217473684210526
2	-0.245473684210526
3	-0.273473684210526
4	-0.302631578947368
5	-0.297157894736842
6	-0.282421052631579
7	-0.261157894736842
8	-0.235894736842105
9	-0.210631578947369
10	-0.185368421052632
11	-0.129052631578947
12	-0.0727368421052632
13	-0.0129473684210527
14	0.0468421052631578
15	0.106631578947368
16	0.166421052631579
17	0.234315789473684
18	0.303368421052631
19	0.373578947368421
20	0.444947368421052
21	0.520947368421052
22	0.598105263157895
23	0.676421052631579
24	0.721263157894737
25	0.756842105263158
26	0.785894736842105
27	0.807473684210526
28	0.826736842105263
29	0.814421052631579
30	0.785157894736842
31	0.743578947368421
32	0.677894736842105
33	0.61221052631579
34	0.546526315789474
35	0.480842105263158
36	0.411684210526316
37	0.342526315789474
38	0.273368421052632
39	0.204210526315789
40	0.130421052631579
41	0.0554736842105262
42	-0.0194736842105264
43	-0.0955789473684211
44	-0.145894736842105
45	-0.196210526315789
46	-0.243052631578947
47	-0.287578947368421
48	-0.300526315789474
49	-0.311157894736842
50	-0.309473684210526
51	-0.283684210526316
52	-0.257894736842105
