Ind	Score
1	-0.50021052631579
2	-0.558736842105263
3	-0.617263157894737
4	-0.675789473684211
5	-0.698947368421053
6	-0.721263157894737
7	-0.738105263157895
8	-0.754947368421053
9	-0.769263157894737
10	-0.783578947368421
11	-0.784842105263158
12	-0.767578947368421
13	-0.725052631578948
14	-0.666105263157895
15	-0.601263157894737
16	-0.518736842105263
17	-0.416842105263158
18	-0.306526315789474
19	-0.19621052631579
20	-0.0858947368421053
21	0.0244210526315789
22	0.135578947368421
23	0.225263157894737
24	0.278736842105263
25	0.331368421052632
26	0.378526315789474
27	0.424
28	0.463157894736842
29	0.499789473684211
30	0.536421052631579
31	0.565473684210526
32	0.486736842105263
33	0.399157894736842
34	0.305684210526316
35	0.194526315789474
36	0.064
37	-0.0741052631578947
38	-0.212210526315789
39	-0.350315789473684
40	-0.488421052631579
41	-0.627368421052632
42	-0.744842105263158
43	-0.861473684210526
44	-0.89178947368421
45	-0.922105263157895
46	-0.950736842105263
47	-0.975578947368421
48	-0.997894736842105
49	-1.02021052631579
50	-1.03578947368421
51	-0.949473684210526
52	-0.863157894736842
