Ind	Score
1	-0.122105263157895
2	-0.138021052631579
3	-0.153936842105263
4	-0.169852631578947
5	-0.148378947368421
6	-0.123536842105263
7	-0.0957473684210527
8	-0.0679578947368421
9	-0.0393263157894737
10	0.00404210526315786
11	0.0574315789473684
12	0.112505263157895
13	0.17178947368421
14	0.231073684210526
15	0.290357894736842
16	0.351326315789474
17	0.413136842105263
18	0.472
19	0.530863157894737
20	0.589726315789474
21	0.651957894736842
22	0.714189473684211
23	0.774736842105263
24	0.797894736842105
25	0.821052631578947
26	0.83621052631579
27	0.851368421052632
28	0.865684210526316
29	0.864421052631579
30	0.860631578947368
31	0.855157894736842
32	0.797894736842105
33	0.740631578947368
34	0.683368421052632
35	0.624421052631579
36	0.564631578947368
37	0.50778947368421
38	0.450947368421053
39	0.394105263157895
40	0.337263157894737
41	0.283368421052632
42	0.231157894736842
43	0.178947368421053
44	0.130947368421053
45	0.088
46	0.0450526315789474
47	0.00210526315789473
48	-0.04
49	-0.0795789473684211
50	-0.117473684210526
51	-0.106947368421053
52	-0.096421052631579
