Ind	Score
1	-0.153263157894737
2	-0.169431578947368
3	-0.1856
4	-0.201768421052632
5	-0.168926315789474
6	-0.132294736842105
7	-0.0956631578947369
8	-0.054821052631579
9	-0.00808421052631578
10	0.0416
11	0.105347368421053
12	0.169094736842105
13	0.232842105263158
14	0.294905263157895
15	0.359915789473684
16	0.424926315789474
17	0.489936842105263
18	0.554947368421053
19	0.622063157894737
20	0.689178947368421
21	0.756294736842105
22	0.821305263157895
23	0.884210526315789
24	0.895157894736842
25	0.900631578947368
26	0.905263157894737
27	0.905684210526316
28	0.90021052631579
29	0.891789473684211
30	0.866947368421053
31	0.837052631578947
32	0.774736842105263
33	0.714105263157895
34	0.652631578947368
35	0.591157894736842
36	0.529684210526316
37	0.469894736842105
38	0.408
39	0.346105263157895
40	0.284210526315789
41	0.224421052631579
42	0.166736842105263
43	0.112
44	0.0698947368421053
45	0.0286315789473684
46	-0.0126315789473684
47	-0.0538947368421053
48	-0.0951578947368421
49	-0.12
50	-0.139789473684211
51	-0.127157894736842
52	-0.114526315789474
