Ind	Score
1	0.289684210526316
2	0.317894736842105
3	0.346105263157895
4	0.374315789473684
5	0.413894736842105
6	0.455157894736842
7	0.496421052631579
8	0.537684210526316
9	0.578947368421053
10	0.625684210526316
11	0.64
12	0.658526315789474
13	0.677052631578947
14	0.695578947368421
15	0.714947368421053
16	0.738526315789474
17	0.762105263157895
18	0.785684210526316
19	0.810105263157895
20	0.834526315789473
21	0.858947368421053
22	0.883368421052632
23	0.907789473684211
24	0.92
25	0.930526315789474
26	0.941052631578948
27	0.951578947368421
28	0.962105263157895
29	0.965052631578948
30	0.963368421052632
31	0.960842105263158
32	0.958315789473684
33	0.950947368421053
34	0.939368421052632
35	0.923578947368421
36	0.907789473684211
37	0.892
38	0.875368421052632
39	0.858736842105263
40	0.842105263157895
41	0.825473684210527
42	0.808842105263158
43	0.793052631578948
44	0.777263157894737
45	0.761473684210527
46	0.745684210526316
47	0.730736842105263
48	0.717894736842105
49	0.708842105263158
50	0.699789473684211
51	0.690736842105263
52	0.688631578947369
53	0.694526315789474
54	0.700631578947368
55	0.706736842105263
56	0.717684210526316
57	0.732842105263158
58	0.748
59	0.762315789473684
60	0.761473684210527
61	0.760631578947369
62	0.759789473684211
63	0.751368421052632
64	0.727789473684211
65	0.704210526315789
66	0.67978947368421
67	0.655368421052631
68	0.624
69	0.580842105263158
70	0.537684210526316
71	0.481894736842105
72	0.422315789473684
73	0.363368421052632
74	0.304421052631579
75	0.240631578947368
76	0.172631578947368
77	0.105263157894737
78	0.0378947368421053
79	-0.0172631578947368
80	-0.072421052631579
81	-0.128421052631579
82	-0.176
83	-0.193263157894737
84	-0.210526315789474
85	-0.227789473684211
86	-0.237473684210526
87	-0.225052631578947
88	-0.200842105263158
89	-0.176631578947368
90	-0.141894736842105
91	-0.10021052631579
92	-0.0534736842105264
93	-0.0751578947368421
94	-0.0863157894736842
95	-0.0974736842105263
96	-0.109263157894737
97	-0.120210526315789
98	-0.128210526315789
99	-0.136210526315789
100	-0.143368421052632
101	-0.150526315789474
102	-0.169894736842105
103	-0.189263157894737
104	-0.20778947368421
105	-0.210526315789474
106	-0.228421052631579
107	-0.245473684210526
108	-0.262526315789473
109	-0.279578947368421
110	-0.303578947368421
111	-0.333473684210526
112	-0.294947368421053
113	-0.266947368421053
