Ind	Score
1	0.0627368421052631
2	0.0658947368421052
3	0.0690526315789473
4	0.0722105263157894
5	0.108
6	0.142947368421053
7	0.177894736842105
8	0.213684210526316
9	0.250315789473684
10	0.286947368421053
11	0.312421052631579
12	0.341684210526316
13	0.367578947368421
14	0.399368421052632
15	0.434105263157895
16	0.470526315789474
17	0.506947368421053
18	0.549263157894737
19	0.594526315789474
20	0.63978947368421
21	0.685052631578947
22	0.730315789473684
23	0.775578947368421
24	0.788210526315789
25	0.801684210526316
26	0.815157894736842
27	0.82778947368421
28	0.839578947368421
29	0.85221052631579
30	0.862315789473684
31	0.870315789473684
32	0.881578947368421
33	0.892842105263158
34	0.904105263157895
35	0.913684210526316
36	0.926631578947369
37	0.933684210526316
38	0.93778947368421
39	0.941894736842105
40	0.946
41	0.950105263157895
42	0.954210526315789
43	0.957473684210526
44	0.960736842105263
45	0.964
46	0.967263157894737
47	0.968
48	0.967894736842105
49	0.967789473684211
50	0.967684210526316
51	0.967684210526316
52	0.967684210526316
53	0.967684210526316
54	0.966842105263158
55	0.961894736842105
56	0.956947368421053
57	0.949052631578947
58	0.941157894736842
59	0.928210526315789
60	0.914421052631579
61	0.899789473684211
62	0.886
63	0.869263157894737
64	0.852526315789474
65	0.835789473684211
66	0.822421052631579
67	0.809052631578948
68	0.795684210526316
69	0.782315789473685
70	0.770631578947369
71	0.758947368421053
72	0.747263157894737
73	0.735578947368421
74	0.724631578947369
75	0.713578947368421
76	0.705473684210527
77	0.69821052631579
78	0.696842105263158
79	0.696315789473685
80	0.699578947368422
81	0.702842105263158
82	0.714105263157895
83	0.72621052631579
84	0.739157894736843
85	0.751263157894737
86	0.763789473684211
87	0.77421052631579
88	0.782105263157895
89	0.788315789473685
90	0.792
91	0.788947368421053
92	0.780842105263158
93	0.749157894736843
94	0.717578947368421
95	0.686
96	0.654421052631579
97	0.622
98	0.589684210526316
99	0.554421052631579
100	0.519157894736842
101	0.478842105263158
102	0.437684210526316
103	0.395684210526316
104	0.353684210526316
105	0.305368421052632
106	0.259157894736842
107	0.215473684210526
108	0.171789473684211
109	0.130631578947369
110	0.0962105263157895
111	0.0676842105263158
112	0.0627368421052632
113	0.0577894736842106
