Ind	Score
1	-0.354947368421052
2	-0.390694736842105
3	-0.426442105263158
4	-0.46218947368421
5	-0.452926315789474
6	-0.443663157894737
7	-0.4344
8	-0.425136842105263
9	-0.408294736842105
10	-0.376715789473684
11	-0.292968421052632
12	-0.206273684210526
13	-0.122526315789474
14	-0.0379368421052631
15	0.0466526315789474
16	0.131242105263158
17	0.215831578947368
18	0.300421052631579
19	0.38501052631579
20	0.466652631578948
21	0.548294736842105
22	0.629936842105263
23	0.711578947368421
24	0.747368421052632
25	0.767578947368421
26	0.78778947368421
27	0.808
28	0.819789473684211
29	0.810947368421053
30	0.773052631578947
31	0.728421052631579
32	0.651157894736842
33	0.573894736842105
34	0.496631578947369
35	0.419368421052632
36	0.345052631578947
37	0.270736842105263
38	0.196421052631579
39	0.125052631578947
40	0.0536842105263159
41	-0.0168421052631578
42	-0.0873684210526314
43	-0.154105263157895
44	-0.183578947368421
45	-0.213052631578947
46	-0.242526315789474
47	-0.271157894736842
48	-0.293894736842105
49	-0.304842105263158
50	-0.312
51	-0.283578947368421
52	-0.255157894736842
