Ind	Score
1	-0.263052631578947
2	-0.289473684210526
3	-0.315894736842105
4	-0.342315789473684
5	-0.316
6	-0.278315789473684
7	-0.234842105263158
8	-0.185684210526316
9	-0.136526315789474
10	-0.0873684210526317
11	-0.0129473684210527
12	0.0626315789473683
13	0.139368421052632
14	0.217263157894737
15	0.295157894736842
16	0.374210526315789
17	0.453263157894737
18	0.528842105263158
19	0.596947368421052
20	0.649894736842105
21	0.700526315789474
22	0.714947368421053
23	0.729368421052632
24	0.686105263157895
25	0.625684210526316
26	0.559473684210526
27	0.487578947368421
28	0.415684210526316
29	0.343789473684211
30	0.268631578947368
31	0.186526315789474
32	0.0767368421052632
33	-0.0342105263157894
34	-0.145157894736842
35	-0.257263157894737
36	-0.369368421052632
37	-0.478
38	-0.579157894736842
39	-0.665157894736842
40	-0.748842105263158
41	-0.792842105263158
42	-0.829368421052632
43	-0.845789473684211
44	-0.823052631578948
45	-0.800315789473684
46	-0.777578947368421
47	-0.754842105263158
48	-0.732105263157895
49	-0.706105263157895
50	-0.673157894736842
51	-0.613684210526316
52	-0.554210526315789
