Ind	Score
1	0.517894736842105
2	0.569684210526316
3	0.621473684210526
4	0.673263157894737
5	0.725894736842105
6	0.778526315789474
7	0.831157894736842
8	0.883789473684211
9	0.936421052631579
10	0.989052631578948
11	0.989894736842105
12	0.987789473684211
13	0.985684210526316
14	0.977684210526316
15	0.969684210526316
16	0.961684210526316
17	0.953684210526316
18	0.945684210526316
19	0.937684210526316
20	0.929684210526316
21	0.921684210526316
22	0.913684210526316
23	0.905684210526316
24	0.893894736842105
25	0.882105263157895
26	0.870315789473684
27	0.858526315789474
28	0.846736842105263
29	0.832
30	0.817263157894737
31	0.802526315789474
32	0.787789473684211
33	0.776
34	0.757473684210526
35	0.730105263157895
36	0.702736842105263
37	0.657684210526316
38	0.547789473684211
39	0.437894736842106
40	0.328
41	0.218105263157895
42	0.10821052631579
43	0.00126315789473701
44	-0.105684210526316
45	-0.212631578947368
46	-0.319578947368421
47	-0.423578947368421
48	-0.524631578947368
49	-0.625684210526316
50	-0.72378947368421
51	-0.821894736842105
52	-0.914105263157895
53	-0.999578947368421
54	-1.07326315789474
55	-1.14694736842105
56	-1.2
57	-1.18147368421053
58	-1.15115789473684
59	-1.12084210526316
60	-1.06694736842105
61	-0.948210526315789
62	-0.829473684210526
63	-0.710736842105263
64	-0.592
65	-0.473263157894737
66	-0.357473684210526
67	-0.241684210526316
68	-0.125894736842105
69	-0.0101052631578947
70	0.105684210526316
71	0.218526315789474
72	0.331368421052632
73	0.441263157894737
74	0.551157894736842
75	0.658105263157895
76	0.758315789473684
77	0.846736842105263
78	0.935157894736842
79	1
80	1
81	1
82	1
83	1
84	1
85	1
86	1
87	1
88	1
89	1
90	1
91	0.976421052631579
92	0.952842105263158
93	0.824421052631579
94	0.696
95	0.567578947368421
96	0.439157894736842
97	0.310736842105263
98	0.182315789473684
99	0.0538947368421053
100	-0.0745263157894737
101	-0.202947368421053
102	-0.331368421052632
103	-0.45978947368421
104	-0.588210526315789
105	-0.640842105263158
106	-0.693473684210526
107	-0.746105263157895
108	-0.798736842105263
109	-0.851368421052632
110	-0.880421052631579
111	-0.909473684210526
112	-0.833684210526316
113	-0.757894736842105
