Ind	Score
1	-0.185263157894737
2	-0.20378947368421
3	-0.222315789473684
4	-0.240842105263158
5	-0.208631578947368
6	-0.170631578947368
7	-0.127052631578947
8	-0.0834736842105263
9	-0.0387368421052631
10	0.006
11	0.0725263157894737
12	0.140210526315789
13	0.211368421052632
14	0.282526315789474
15	0.353684210526316
16	0.424842105263158
17	0.492526315789474
18	0.560210526315789
19	0.627894736842105
20	0.695578947368421
21	0.763263157894737
22	0.830947368421053
23	0.896315789473684
24	0.910947368421053
25	0.91978947368421
26	0.921894736842105
27	0.924
28	0.924947368421053
29	0.909052631578947
30	0.882947368421052
31	0.855684210526316
32	0.760947368421052
33	0.666210526315789
34	0.571473684210526
35	0.476736842105263
36	0.385473684210526
37	0.294210526315789
38	0.202947368421053
39	0.111684210526316
40	0.0238947368421052
41	-0.0638947368421053
42	-0.149368421052632
43	-0.234842105263158
44	-0.281684210526316
45	-0.327368421052632
46	-0.373052631578947
47	-0.418736842105263
48	-0.447578947368421
49	-0.469473684210526
50	-0.491368421052632
51	-0.449263157894737
52	-0.407157894736842
