Ind	Score
1	-0.396210526315789
2	-0.437263157894737
3	-0.478315789473684
4	-0.52
5	-0.493684210526316
6	-0.464421052631579
7	-0.435157894736842
8	-0.405894736842105
9	-0.376631578947368
10	-0.345684210526316
11	-0.270736842105263
12	-0.194105263157895
13	-0.117473684210526
14	-0.0336842105263159
15	0.0534736842105262
16	0.142315789473684
17	0.231157894736842
18	0.324210526315789
19	0.417263157894737
20	0.510315789473684
21	0.603368421052632
22	0.696421052631579
23	0.790105263157894
24	0.81578947368421
25	0.835157894736842
26	0.854526315789473
27	0.873894736842105
28	0.890315789473684
29	0.903368421052631
30	0.897894736842105
31	0.892421052631579
32	0.865473684210526
33	0.761894736842105
34	0.654947368421052
35	0.546315789473684
36	0.437684210526316
37	0.324842105263158
38	0.212
39	0.099157894736842
40	-0.0136842105263159
41	-0.126526315789474
42	-0.239368421052632
43	-0.35221052631579
44	-0.461684210526316
45	-0.510315789473684
46	-0.558947368421053
47	-0.604631578947368
48	-0.648631578947368
49	-0.682947368421053
50	-0.717263157894737
51	-0.730105263157895
52	-0.669263157894737
53	-0.608421052631579
