Ind	Score
1	-0.238736842105263
2	-0.266736842105263
3	-0.240631578947368
4	-0.214526315789474
5	-0.186947368421053
6	-0.156421052631579
7	-0.125894736842105
8	-0.0953684210526315
9	-0.0633684210526315
10	-0.0298947368421052
11	0.0242105263157896
12	0.0871578947368422
13	0.150105263157895
14	0.221894736842105
15	0.296631578947368
16	0.365052631578948
17	0.438947368421053
18	0.512842105263158
19	0.586736842105263
20	0.657684210526316
21	0.728631578947368
22	0.745473684210526
23	0.762315789473684
24	0.777684210526316
25	0.787157894736842
26	0.796631578947368
27	0.804631578947368
28	0.806736842105263
29	0.8
30	0.787368421052632
31	0.770315789473684
32	0.742421052631579
33	0.706631578947368
34	0.633473684210527
35	0.572947368421053
36	0.510315789473684
37	0.447684210526316
38	0.385052631578948
39	0.328315789473684
40	0.271578947368421
41	0.214842105263158
42	0.158105263157895
43	0.101368421052632
44	0.0613684210526318
45	0.0213684210526318
46	-0.0171578947368419
47	-0.0512631578947366
48	-0.0779999999999998
49	-0.104736842105263
50	-0.131473684210526
51	-0.147368421052631
52	-0.15978947368421
