Ind	Score
1	-0.122947368421053
2	-0.165473684210526
3	-0.208
4	-0.250526315789474
5	-0.282947368421053
6	-0.314526315789474
7	-0.346105263157895
8	-0.377684210526316
9	-0.407578947368421
10	-0.437473684210526
11	-0.505684210526316
12	-0.573894736842105
13	-0.628631578947368
14	-0.648
15	-0.649263157894737
16	-0.64378947368421
17	-0.624421052631579
18	-0.569684210526316
19	-0.490105263157895
20	-0.403789473684211
21	-0.315368421052632
22	-0.226947368421053
23	-0.131789473684211
24	-0.0467368421052632
25	0.0374736842105263
26	0.121684210526316
27	0.205894736842105
28	0.288421052631579
29	0.370105263157895
30	0.45178947368421
31	0.533473684210526
32	0.525894736842105
33	0.518315789473684
34	0.510736842105263
35	0.503157894736842
36	0.483789473684211
37	0.429052631578947
38	0.35621052631579
39	0.276631578947368
40	0.194947368421053
41	0.113263157894737
42	0.0248421052631579
43	-0.0635789473684211
44	-0.11621052631579
45	-0.168842105263158
46	-0.221473684210526
47	-0.274105263157895
48	-0.325894736842105
49	-0.377684210526316
50	-0.429473684210526
51	-0.393684210526316
52	-0.357894736842105
