Ind	Score
1	-0.346631578947368
2	-0.395263157894737
3	-0.443894736842105
4	-0.492526315789474
5	-0.508526315789474
6	-0.517578947368421
7	-0.525473684210526
8	-0.532210526315789
9	-0.535473684210526
10	-0.523368421052632
11	-0.488105263157895
12	-0.44821052631579
13	-0.406
14	-0.357473684210526
15	-0.307789473684211
16	-0.253473684210526
17	-0.181157894736842
18	-0.101368421052632
19	-0.0204210526315791
20	0.0616842105263157
21	0.160631578947368
22	0.259578947368421
23	0.358526315789474
24	0.424842105263158
25	0.484210526315789
26	0.542421052631579
27	0.588947368421053
28	0.629684210526316
29	0.652736842105263
30	0.660421052631579
31	0.639578947368421
32	0.434315789473684
33	0.23021052631579
34	0.0261052631578948
35	-0.181473684210526
36	-0.39021052631579
37	-0.604105263157895
38	-0.819157894736842
39	-1.03536842105263
40	-1.26842105263158
41	-1.50147368421053
42	-1.73452631578947
43	-1.96757894736842
44	-2.0178947368421
45	-2.06821052631579
46	-2.108
47	-2.14547368421053
48	-2.18063157894737
49	-2.20621052631579
50	-2.20442105263158
51	-2.01936842105263
52	-1.83431578947368
