Ind	Score
1	-0.601263157894737
2	-0.661473684210526
3	-0.721684210526316
4	-0.781894736842105
5	-0.744842105263158
6	-0.705263157894737
7	-0.661894736842105
8	-0.618526315789474
9	-0.575157894736842
10	-0.525894736842105
11	-0.417263157894737
12	-0.30778947368421
13	-0.198315789473684
14	-0.0930526315789474
15	0.00378947368421049
16	0.0981052631578948
17	0.192421052631579
18	0.264421052631579
19	0.315368421052631
20	0.134736842105263
21	-0.0530526315789475
22	-0.290526315789474
23	-0.528
24	-0.877052631578948
25	-1.22863157894737
26	-1.584
27	-1.93936842105263
28	-2.29347368421053
29	-2.65305263157895
30	-3.01263157894737
31	-3.376
32	-3.73936842105263
33	-4.13684210526316
34	-4.52589473684211
35	-4.91242105263158
36	-5.29894736842105
37	-5.65894736842105
38	-5.98947368421053
39	-6.08505263157895
40	-6.17347368421053
41	-6.18989473684211
42	-6.18526315789474
43	-5.93473684210526
44	-5.67705263157895
45	-5.36505263157895
46	-5.05305263157895
47	-4.74231578947369
48	-4.432
49	-4.12168421052632
50	-3.80757894736842
51	-3.49347368421053
52	-3.14105263157895
53	-2.78863157894737
