Ind	Score
1	0.0311578947368421
2	0.0263157894736842
3	0.0509473684210527
4	0.0770526315789474
5	0.102105263157895
6	0.127157894736842
7	0.148421052631579
8	0.175578947368421
9	0.202736842105263
10	0.228421052631579
11	0.247157894736842
12	0.268842105263158
13	0.286526315789474
14	0.30421052631579
15	0.324842105263158
16	0.348421052631579
17	0.372
18	0.395578947368421
19	0.422105263157895
20	0.460421052631579
21	0.498736842105263
22	0.507578947368421
23	0.514947368421053
24	0.530315789473684
25	0.545684210526316
26	0.570105263157895
27	0.590105263157895
28	0.610105263157895
29	0.633052631578947
30	0.656
31	0.677473684210526
32	0.706947368421053
33	0.736421052631579
34	0.764421052631579
35	0.790947368421053
36	0.817473684210526
37	0.844
38	0.869052631578947
39	0.888210526315789
40	0.907368421052631
41	0.926526315789474
42	0.945684210526316
43	0.957894736842105
44	0.970105263157895
45	0.977052631578948
46	0.982526315789474
47	0.988
48	0.992
49	0.996
50	1
51	1
52	1
53	1
54	1
55	1
56	1
57	1
58	1
59	1
60	1
61	1
62	1
63	1
64	1
65	1
66	1
67	1
68	1
69	1
70	1
71	1
72	0.998526315789474
73	0.997052631578948
74	0.995578947368421
75	0.994105263157895
76	0.992631578947369
77	0.991157894736842
78	0.989684210526316
79	0.98821052631579
80	0.986736842105263
81	0.985263157894737
82	0.982315789473684
83	0.979368421052632
84	0.974947368421053
85	0.970526315789474
86	0.964631578947368
87	0.957263157894737
88	0.949894736842105
89	0.938105263157895
90	0.918947368421053
91	0.898315789473685
92	0.873263157894737
93	0.839368421052632
94	0.801052631578948
95	0.727157894736842
96	0.653263157894737
97	0.579368421052632
98	0.505473684210527
99	0.431578947368421
100	0.357684210526316
101	0.286736842105263
102	0.215789473684211
103	0.147789473684211
104	0.0797894736842107
105	0.0330526315789475
106	-0.0122105263157893
107	-0.0574736842105261
108	-0.0983157894736841
109	-0.13178947368421
110	-0.162315789473684
111	-0.188421052631579
112	-0.205684210526316
113	-0.218526315789474
