Ind	Score
1	-0.272
2	-0.3
3	-0.328
4	-0.356
5	-0.368421052631579
6	-0.369894736842105
7	-0.369684210526316
8	-0.366947368421053
9	-0.364210526315789
10	-0.361473684210526
11	-0.335789473684211
12	-0.297052631578947
13	-0.238315789473684
14	-0.179578947368421
15	-0.106105263157895
16	-0.0263157894736842
17	0.0534736842105263
18	0.133263157894737
19	0.213052631578947
20	0.292842105263158
21	0.372631578947368
22	0.452421052631579
23	0.53221052631579
24	0.596421052631579
25	0.649684210526316
26	0.701263157894737
27	0.750315789473684
28	0.799368421052632
29	0.848421052631579
30	0.893684210526316
31	0.93221052631579
32	0.950736842105263
33	0.870947368421053
34	0.776421052631579
35	0.675578947368421
36	0.574736842105263
37	0.473894736842105
38	0.373052631578947
39	0.27221052631579
40	0.17221052631579
41	0.0722105263157895
42	-0.0277894736842105
43	-0.127789473684211
44	-0.227789473684211
45	-0.279578947368421
46	-0.331368421052632
47	-0.383157894736842
48	-0.434947368421053
49	-0.485052631578948
50	-0.535157894736842
51	-0.584421052631579
52	-0.535368421052632
53	-0.486315789473684
