Ind	Score
1	0.00273684210526309
2	0.00231578947368413
3	0.00189473684210518
4	0.00147368421052623
5	0.0218947368421052
6	0.0423157894736841
7	0.0638947368421051
8	0.0877894736842104
9	0.112842105263158
10	0.139052631578947
11	0.171473684210526
12	0.209684210526316
13	0.249052631578947
14	0.298631578947368
15	0.348210526315789
16	0.39778947368421
17	0.447368421052631
18	0.499263157894736
19	0.551157894736842
20	0.603052631578947
21	0.654947368421052
22	0.706842105263158
23	0.758736842105263
24	0.788631578947368
25	0.818526315789474
26	0.847263157894737
27	0.873684210526316
28	0.900105263157895
29	0.925368421052632
30	0.942526315789474
31	0.952736842105263
32	0.961789473684211
33	0.962947368421053
34	0.960842105263158
35	0.958736842105263
36	0.956631578947368
37	0.951052631578948
38	0.945473684210526
39	0.939894736842105
40	0.934315789473684
41	0.928736842105263
42	0.923157894736842
43	0.915473684210526
44	0.90778947368421
45	0.900105263157895
46	0.892421052631579
47	0.884736842105263
48	0.877052631578947
49	0.869368421052631
50	0.862842105263158
51	0.856315789473684
52	0.849789473684211
53	0.846526315789474
54	0.844421052631579
55	0.842315789473684
56	0.839052631578948
57	0.839052631578947
58	0.839052631578947
59	0.837894736842105
60	0.837894736842105
61	0.834421052631579
62	0.834210526315789
63	0.834
64	0.83378947368421
65	0.833578947368421
66	0.835473684210526
67	0.837368421052632
68	0.839263157894737
69	0.841157894736842
70	0.843052631578947
71	0.844947368421053
72	0.846842105263158
73	0.847578947368421
74	0.848315789473684
75	0.851368421052632
76	0.851157894736842
77	0.850947368421052
78	0.851894736842105
79	0.852842105263158
80	0.857263157894737
81	0.861684210526315
82	0.867263157894737
83	0.872842105263158
84	0.875157894736842
85	0.874210526315789
86	0.873263157894737
87	0.867684210526316
88	0.856526315789474
89	0.834947368421052
90	0.813368421052631
91	0.790631578947368
92	0.761157894736842
93	0.710842105263158
94	0.660526315789474
95	0.61021052631579
96	0.559894736842105
97	0.509578947368421
98	0.458105263157895
99	0.406631578947369
100	0.355157894736842
101	0.302526315789474
102	0.251052631578947
103	0.202842105263158
104	0.154631578947369
105	0.109894736842105
106	0.0697894736842106
107	0.0352631578947369
108	0.0111578947368422
109	-0.0129473684210526
110	-0.0358947368421052
111	-0.0521052631578947
112	-0.0474736842105263
113	-0.0428421052631579
