Ind	Score
1	-0.0978947368421053
2	-0.107684210526316
3	-0.117473684210526
4	-0.128421052631579
5	-0.0911578947368422
6	-0.0481052631578949
7	-0.0022105263157896
8	0.0436842105263157
9	0.0895789473684209
10	0.134315789473684
11	0.19
12	0.245684210526316
13	0.297894736842105
14	0.350105263157895
15	0.405578947368421
16	0.452947368421052
17	0.496842105263158
18	0.540736842105263
19	0.584631578947368
20	0.628526315789474
21	0.672421052631579
22	0.716315789473684
23	0.761368421052631
24	0.758210526315789
25	0.749263157894737
26	0.737473684210526
27	0.726842105263158
28	0.715684210526316
29	0.705684210526316
30	0.693368421052631
31	0.675263157894737
32	0.656
33	0.602631578947368
34	0.546
35	0.497473684210526
36	0.455894736842105
37	0.414315789473684
38	0.372736842105263
39	0.339263157894737
40	0.309263157894737
41	0.279263157894737
42	0.249263157894737
43	0.219263157894737
44	0.189263157894737
45	0.155157894736842
46	0.119894736842105
47	0.085157894736842
48	0.0504210526315789
49	0.0168421052631578
50	-0.0109473684210527
51	-0.0341052631578948
52	-0.0231578947368422
53	-0.0122105263157895
