Ind	Score
1	-0.236842105263158
2	-0.260526315789474
3	-0.226105263157895
4	-0.18578947368421
5	-0.144
6	-0.102210526315789
7	-0.0604210526315789
8	-0.017157894736842
9	0.0340000000000001
10	0.0851578947368422
11	0.161473684210526
12	0.237789473684211
13	0.314105263157895
14	0.390421052631579
15	0.466736842105263
16	0.543052631578947
17	0.619368421052632
18	0.695684210526316
19	0.772
20	0.848315789473684
21	0.924631578947369
22	0.942842105263158
23	0.955157894736842
24	0.966
25	0.976842105263158
26	0.987684210526316
27	0.997052631578948
28	0.998526315789474
29	0.991157894736842
30	0.982315789473684
31	0.972947368421053
32	0.960631578947369
33	0.926631578947369
34	0.873894736842105
35	0.797578947368421
36	0.721263157894737
37	0.644947368421053
38	0.568631578947368
39	0.492315789473684
40	0.416
41	0.339684210526316
42	0.263368421052632
43	0.187052631578947
44	0.110736842105263
45	0.0581052631578949
46	0.00547368421052643
47	-0.047157894736842
48	-0.0909473684210525
49	-0.134736842105263
50	-0.178
51	-0.218315789473684
52	-0.236947368421053
53	-0.236842105263158
