Ind	Score
1	-0.412736842105263
2	-0.456947368421053
3	-0.501157894736842
4	-0.545368421052632
5	-0.567578947368421
6	-0.577894736842105
7	-0.580105263157895
8	-0.581157894736842
9	-0.581052631578947
10	-0.571789473684211
11	-0.533684210526316
12	-0.466210526315789
13	-0.398736842105263
14	-0.331263157894737
15	-0.263789473684211
16	-0.166947368421053
17	-0.0701052631578948
18	0.0267368421052631
19	0.123578947368421
20	0.220421052631579
21	0.317263157894737
22	0.414105263157895
23	0.50978947368421
24	0.582315789473684
25	0.642947368421052
26	0.694315789473684
27	0.74221052631579
28	0.783263157894737
29	0.815157894736842
30	0.833052631578948
31	0.849789473684211
32	0.865368421052632
33	0.771578947368421
34	0.67778947368421
35	0.554631578947368
36	0.431473684210526
37	0.308315789473684
38	0.185157894736842
39	0.0619999999999998
40	-0.0611578947368423
41	-0.184315789473684
42	-0.306315789473684
43	-0.427157894736842
44	-0.548
45	-0.597157894736842
46	-0.644
47	-0.685157894736842
48	-0.726315789473684
49	-0.767473684210526
50	-0.807473684210526
51	-0.846315789473684
52	-0.775789473684211
53	-0.705263157894737
