Ind	Score
1	-0.38821052631579
2	-0.430947368421053
3	-0.473684210526316
4	-0.516421052631579
5	-0.501263157894737
6	-0.486105263157895
7	-0.449473684210526
8	-0.411157894736842
9	-0.372
10	-0.326105263157895
11	-0.244210526315789
12	-0.161473684210526
13	-0.0787368421052631
14	0.00400000000000004
15	0.0867368421052632
16	0.170315789473684
17	0.256842105263158
18	0.346315789473684
19	0.43578947368421
20	0.525263157894737
21	0.617684210526316
22	0.713052631578947
23	0.802526315789474
24	0.832421052631579
25	0.856421052631579
26	0.854736842105263
27	0.841684210526316
28	0.810526315789474
29	0.772631578947369
30	0.733894736842105
31	0.695157894736842
32	0.589684210526316
33	0.48421052631579
34	0.378736842105263
35	0.272421052631579
36	0.166105263157895
37	0.0597894736842105
38	-0.0465263157894738
39	-0.152842105263158
40	-0.262105263157895
41	-0.374315789473684
42	-0.480631578947369
43	-0.585263157894737
44	-0.624421052631579
45	-0.659368421052632
46	-0.684631578947369
47	-0.692631578947369
48	-0.700631578947369
49	-0.707789473684211
50	-0.714947368421053
51	-0.655368421052632
52	-0.595789473684211
