Ind	Score
1	-0.530315789473684
2	-0.583578947368421
3	-0.636842105263158
4	-0.690105263157895
5	-0.661684210526316
6	-0.63
7	-0.598315789473684
8	-0.559368421052632
9	-0.517894736842105
10	-0.474105263157895
11	-0.374736842105263
12	-0.275368421052632
13	-0.174842105263158
14	-0.0743157894736842
15	0.0262105263157895
16	0.126736842105263
17	0.228421052631579
18	0.330105263157895
19	0.43178947368421
20	0.533473684210526
21	0.635157894736842
22	0.734526315789474
23	0.833894736842105
24	0.851578947368421
25	0.866
26	0.880421052631579
27	0.887578947368421
28	0.891052631578947
29	0.892210526315789
30	0.889894736842105
31	0.883894736842105
32	0.727157894736842
33	0.570421052631579
34	0.413684210526316
35	0.256947368421053
36	0.0990526315789474
37	-0.0588421052631579
38	-0.216736842105263
39	-0.374631578947368
40	-0.532526315789474
41	-0.688105263157895
42	-0.843684210526316
43	-0.999263157894737
44	-1.04536842105263
45	-1.09147368421053
46	-1.13757894736842
47	-1.18252631578947
48	-1.22747368421053
49	-1.27242105263158
50	-1.31368421052632
51	-1.20421052631579
52	-1.09473684210526
