Ind	Score
1	-0.130947368421053
2	-0.149726315789474
3	-0.168505263157895
4	-0.187284210526316
5	-0.171284210526316
6	-0.154442105263158
7	-0.129178947368421
8	-0.103915789473684
9	-0.0757052631578948
10	-0.0369684210526316
11	0.00665263157894733
12	0.0502736842105263
13	0.095578947368421
14	0.140884210526316
15	0.193768421052631
16	0.251284210526316
17	0.310484210526316
18	0.369684210526316
19	0.436463157894737
20	0.507873684210526
21	0.579284210526316
22	0.650694736842105
23	0.722105263157895
24	0.758736842105263
25	0.794526315789474
26	0.821894736842105
27	0.849263157894737
28	0.873684210526316
29	0.885894736842105
30	0.892210526315789
31	0.896842105263158
32	0.813894736842105
33	0.730947368421052
34	0.648
35	0.565052631578947
36	0.480421052631579
37	0.395789473684211
38	0.303578947368421
39	0.206736842105263
40	0.109894736842105
41	0.0130526315789473
42	-0.0837894736842106
43	-0.180631578947368
44	-0.233263157894737
45	-0.285894736842105
46	-0.338526315789474
47	-0.391157894736842
48	-0.442105263157895
49	-0.487157894736842
50	-0.530526315789474
51	-0.486315789473684
52	-0.442105263157895
