Ind	Score
1	-0.705684210526316
2	-0.777263157894737
3	-0.848842105263158
4	-0.920421052631579
5	-0.874526315789474
6	-0.825684210526316
7	-0.776842105263158
8	-0.728
9	-0.679157894736842
10	-0.630315789473684
11	-0.513684210526316
12	-0.397052631578947
13	-0.277473684210526
14	-0.157894736842105
15	-0.0383157894736841
16	0.0821052631578948
17	0.205473684210526
18	0.328842105263158
19	0.45221052631579
20	0.576421052631579
21	0.700631578947369
22	0.824842105263158
23	0.949052631578947
24	0.955789473684211
25	0.959578947368421
26	0.963368421052631
27	0.964210526315789
28	0.909052631578947
29	0.844210526315789
30	0.767578947368421
31	0.685894736842105
32	0.601263157894737
33	0.468210526315789
34	0.335157894736842
35	0.202105263157895
36	0.0661052631578947
37	-0.0698947368421053
38	-0.205894736842105
39	-0.342736842105263
40	-0.479578947368421
41	-0.616421052631579
42	-0.753263157894737
43	-0.890105263157895
44	-1.02694736842105
45	-1.07957894736842
46	-1.12926315789474
47	-1.12294736842105
48	-1.10694736842105
49	-1.07915789473684
50	-1.04631578947368
51	-1.01052631578947
52	-0.926315789473684
53	-0.842105263157895
