Ind	Score
1	-0.276842105263158
2	-0.304526315789474
3	-0.262210526315789
4	-0.219894736842105
5	-0.173157894736842
6	-0.124947368421053
7	-0.076736842105263
8	-0.0285263157894735
9	0.0211578947368423
10	0.0737894736842107
11	0.154105263157895
12	0.234421052631579
13	0.314736842105263
14	0.395052631578947
15	0.475368421052631
16	0.555684210526316
17	0.636
18	0.716315789473684
19	0.796631578947369
20	0.874947368421053
21	0.953263157894737
22	0.961578947368421
23	0.969368421052632
24	0.963894736842105
25	0.956947368421053
26	0.948526315789474
27	0.932736842105263
28	0.915473684210526
29	0.895263157894737
30	0.875052631578947
31	0.853368421052631
32	0.830210526315789
33	0.804105263157895
34	0.728842105263158
35	0.653578947368421
36	0.578315789473684
37	0.503052631578948
38	0.427789473684211
39	0.356526315789474
40	0.285263157894737
41	0.214
42	0.143789473684211
43	0.091263157894737
44	0.0500000000000002
45	0.0102105263157896
46	-0.0222105263157893
47	-0.0546315789473683
48	-0.0870526315789473
49	-0.119473684210526
50	-0.150421052631579
51	-0.179894736842105
52	-0.206421052631579
