Ind	Score
1	-0.193684210526316
2	-0.213894736842105
3	-0.181894736842105
4	-0.137684210526316
5	-0.0919999999999999
6	-0.0463157894736841
7	-0.00063157894736831
8	0.0450526315789475
9	0.0902105263157895
10	0.135368421052632
11	0.199684210526316
12	0.261052631578947
13	0.322421052631579
14	0.380842105263158
15	0.439263157894737
16	0.497684210526316
17	0.556105263157895
18	0.615578947368421
19	0.675052631578947
20	0.735578947368421
21	0.796105263157895
22	0.810315789473684
23	0.812315789473684
24	0.812842105263158
25	0.813368421052631
26	0.813894736842105
27	0.814421052631579
28	0.816
29	0.817578947368421
30	0.810210526315789
31	0.80378947368421
32	0.794421052631579
33	0.779157894736842
34	0.712105263157895
35	0.645052631578947
36	0.578
37	0.510421052631579
38	0.442842105263158
39	0.374736842105263
40	0.306631578947368
41	0.232631578947368
42	0.158631578947369
43	0.0846315789473685
44	0.0384210526315791
45	-0.0077894736842105
46	-0.054
47	-0.100736842105263
48	-0.147473684210526
49	-0.185263157894737
50	-0.221052631578947
51	-0.253894736842105
52	-0.277894736842105
