Ind	Score
1	-0.602105263157895
2	-0.662315789473684
3	-0.722526315789474
4	-0.782736842105263
5	-0.730105263157895
6	-0.68421052631579
7	-0.645052631578947
8	-0.605894736842105
9	-0.566736842105263
10	-0.527578947368421
11	-0.428210526315789
12	-0.328842105263158
13	-0.229473684210526
14	-0.130105263157895
15	-0.0307368421052632
16	0.0686315789473684
17	0.125052631578947
18	0.181473684210526
19	0.237894736842105
20	0.294315789473684
21	0.350736842105263
22	0.406315789473684
23	0.461894736842105
24	0.404631578947369
25	0.354105263157895
26	0.310315789473684
27	0.266526315789474
28	0.222736842105263
29	0.185684210526316
30	0.155368421052632
31	0.125052631578947
32	-0.0341052631578947
33	-0.193263157894737
34	-0.352421052631579
35	-0.511578947368421
36	-0.627789473684211
37	-0.744
38	-0.860210526315789
39	-0.976421052631579
40	-1.04968421052632
41	-1.12210526315789
42	-1.19452631578947
43	-1.26694736842105
44	-1.26231578947368
45	-1.25768421052632
46	-1.25305263157895
47	-1.24842105263158
48	-1.25052631578947
49	-1.25936842105263
50	-1.26821052631579
51	-1.14821052631579
52	-1.02821052631579
