Ind	Score
1	-0.114105263157895
2	-0.149052631578947
3	-0.189894736842105
4	-0.230736842105263
5	-0.222736842105263
6	-0.214736842105263
7	-0.206736842105263
8	-0.198736842105263
9	-0.190736842105263
10	-0.182736842105263
11	-0.171789473684211
12	-0.158315789473684
13	-0.144
14	-0.124631578947368
15	-0.0993684210526315
16	-0.071578947368421
17	-0.0437894736842105
18	-0.00210526315789469
19	0.0395789473684211
20	0.0770526315789474
21	0.117473684210526
22	0.172631578947368
23	0.227789473684211
24	0.234105263157895
25	0.256
26	0.283789473684211
27	0.311578947368421
28	0.339368421052632
29	0.367157894736842
30	0.394947368421053
31	0.422736842105263
32	0.352842105263158
33	0.282947368421053
34	0.207157894736842
35	0.128842105263158
36	0.0505263157894737
37	-0.0328421052631579
38	-0.116210526315789
39	-0.195368421052632
40	-0.261894736842105
41	-0.337263157894737
42	-0.412631578947368
43	-0.483789473684211
44	-0.513684210526316
45	-0.549473684210526
46	-0.585263157894737
47	-0.621052631578947
48	-0.656842105263158
49	-0.692631578947368
50	-0.728421052631579
51	-0.667368421052632
52	-0.606315789473684
