Ind	Score
1	-0.18
2	-0.203157894736842
3	-0.179052631578947
4	-0.149052631578947
5	-0.115578947368421
6	-0.0806315789473684
7	-0.042736842105263
8	-0.00189473684210517
9	0.0389473684210527
10	0.081263157894737
11	0.136421052631579
12	0.191052631578948
13	0.245684210526316
14	0.297368421052632
15	0.354947368421053
16	0.421368421052632
17	0.493684210526316
18	0.566
19	0.633894736842105
20	0.698842105263158
21	0.763789473684211
22	0.781473684210526
23	0.793263157894737
24	0.801578947368421
25	0.805473684210526
26	0.803473684210526
27	0.798526315789474
28	0.793578947368421
29	0.787157894736842
30	0.780736842105263
31	0.773894736842105
32	0.765578947368421
33	0.755789473684211
34	0.693263157894737
35	0.626315789473684
36	0.556421052631579
37	0.486526315789474
38	0.425473684210526
39	0.370315789473684
40	0.315157894736842
41	0.26
42	0.204842105263158
43	0.149684210526316
44	0.110842105263158
45	0.0749473684210528
46	0.0390526315789475
47	0.00315789473684228
48	-0.032736842105263
49	-0.0686315789473683
50	-0.103578947368421
51	-0.137052631578947
52	-0.166105263157895
