Ind	Score
1	-1.82736842105263
2	-2.01010526315789
3	-2.20547368421053
4	-2.41347368421053
5	-2.38694736842105
6	-2.35957894736842
7	-2.33221052631579
8	-2.31115789473684
9	-2.29642105263158
10	-2.28168421052632
11	-2.08421052631579
12	-1.88673684210526
13	-1.68926315789474
14	-1.49178947368421
15	-1.29431578947368
16	-1.09684210526316
17	-0.912
18	-0.74821052631579
19	-0.597894736842105
20	-0.447578947368421
21	-0.298105263157895
22	-0.151578947368421
23	0.00589473684210527
24	-0.0741052631578947
25	-0.169263157894737
26	-0.290526315789474
27	-0.394526315789474
28	-0.493052631578947
29	-0.607578947368421
30	-0.742315789473684
31	-0.884210526315789
32	-1.13305263157895
33	-1.38189473684211
34	-1.63073684210526
35	-1.87957894736842
36	-2.11578947368421
37	-2.33094736842105
38	-2.53263157894737
39	-2.73431578947368
40	-2.92252631578947
41	-3.0741052631579
42	-3.21052631578947
43	-3.344
44	-3.27621052631579
45	-3.18231578947369
46	-3.09936842105263
47	-3.01557894736842
48	-2.91578947368421
49	-2.79578947368421
50	-2.66863157894737
51	-2.43452631578947
52	-2.20042105263158
