Ind	Score
1	-0.526315789473684
2	-0.578947368421053
3	-0.631578947368421
4	-0.68421052631579
5	-0.653052631578947
6	-0.608631578947368
7	-0.562526315789474
8	-0.513157894736842
9	-0.460526315789474
10	-0.407894736842105
11	-0.302631578947368
12	-0.197368421052632
13	-0.0921052631578948
14	0.013157894736842
15	0.118421052631579
16	0.223684210526316
17	0.328947368421053
18	0.434210526315789
19	0.539473684210526
20	0.644736842105263
21	0.75
22	0.843578947368421
23	0.937157894736842
24	0.918736842105263
25	0.885368421052631
26	0.850315789473684
27	0.808526315789474
28	0.761789473684211
29	0.711684210526316
30	0.637473684210526
31	0.551894736842105
32	0.434526315789474
33	0.317157894736842
34	0.19978947368421
35	0.0824210526315789
36	-0.0349473684210527
37	-0.152315789473684
38	-0.269684210526316
39	-0.387052631578947
40	-0.504421052631579
41	-0.610105263157895
42	-0.71578947368421
43	-0.793263157894737
44	-0.804315789473684
45	-0.815368421052632
46	-0.822947368421053
47	-0.828842105263158
48	-0.831368421052632
49	-0.809789473684211
50	-0.776842105263158
51	-0.712105263157895
52	-0.647368421052632
