Ind	Score
1	0.105263157894737
2	0.115789473684211
3	0.126315789473684
4	0.136842105263158
5	0.189473684210526
6	0.242105263157895
7	0.294736842105263
8	0.347368421052632
9	0.4
10	0.452631578947368
11	0.494736842105263
12	0.536842105263158
13	0.578947368421053
14	0.621052631578947
15	0.663157894736842
16	0.705263157894737
17	0.747368421052632
18	0.789473684210526
19	0.831578947368421
20	0.873684210526316
21	0.915789473684211
22	0.957894736842105
23	1
24	1
25	1
26	1
27	1
28	1
29	0.999368421052632
30	0.998736842105263
31	0.998105263157895
32	0.997473684210526
33	0.954736842105263
34	0.912
35	0.869263157894737
36	0.826526315789474
37	0.78378947368421
38	0.741052631578947
39	0.698315789473684
40	0.655578947368421
41	0.612842105263158
42	0.570105263157895
43	0.527368421052631
44	0.484631578947368
45	0.432
46	0.379368421052632
47	0.326736842105263
48	0.274736842105263
49	0.222736842105263
50	0.170736842105263
51	0.118736842105263
52	0.108842105263158
53	0.0989473684210526
