Ind	Score
1	-0.255578947368421
2	-0.284842105263158
3	-0.314105263157895
4	-0.343368421052632
5	-0.345052631578947
6	-0.338526315789474
7	-0.307789473684211
8	-0.271157894736842
9	-0.234526315789474
10	-0.197894736842105
11	-0.13621052631579
12	-0.0745263157894737
13	-0.0103157894736842
14	0.0547368421052631
15	0.120631578947368
16	0.193263157894737
17	0.256421052631579
18	0.316631578947368
19	0.37178947368421
20	0.433684210526316
21	0.495578947368421
22	0.554526315789474
23	0.613473684210527
24	0.644842105263158
25	0.653263157894737
26	0.633684210526316
27	0.608210526315789
28	0.582736842105263
29	0.541263157894737
30	0.495578947368421
31	0.449052631578947
32	0.352
33	0.254105263157895
34	0.156210526315789
35	0.0583157894736842
36	-0.0301052631578948
37	-0.113894736842105
38	-0.192631578947368
39	-0.278105263157895
40	-0.354105263157895
41	-0.424210526315789
42	-0.488421052631579
43	-0.552631578947368
44	-0.567578947368421
45	-0.578736842105263
46	-0.589894736842105
47	-0.601052631578948
48	-0.59621052631579
49	-0.590526315789474
50	-0.584
51	-0.529473684210526
52	-0.474947368421053
