Ind	Score
1	-0.219789473684211
2	-0.241852631578947
3	-0.263915789473684
4	-0.285978947368421
5	-0.269347368421053
6	-0.249768421052632
7	-0.211873684210526
8	-0.173136842105263
9	-0.133557894736842
10	-0.0918736842105264
11	-0.026442105263158
12	0.0415157894736842
13	0.112421052631579
14	0.182484210526316
15	0.255494736842105
16	0.329347368421053
17	0.4032
18	0.474105263157895
19	0.544168421052632
20	0.612547368421053
21	0.6784
22	0.744252631578947
23	0.810105263157895
24	0.837263157894737
25	0.861473684210527
26	0.867368421052632
27	0.864421052631579
28	0.856421052631579
29	0.846315789473684
30	0.825473684210527
31	0.782947368421053
32	0.702736842105264
33	0.623368421052632
34	0.541052631578947
35	0.457894736842105
36	0.374736842105263
37	0.295368421052632
38	0.216842105263158
39	0.14
40	0.0656842105263159
41	-0.00568421052631572
42	-0.0762105263157894
43	-0.145052631578947
44	-0.188842105263158
45	-0.232631578947368
46	-0.268421052631579
47	-0.3
48	-0.331578947368421
49	-0.354947368421053
50	-0.358315789473684
51	-0.326947368421053
52	-0.295578947368421
