Ind	Score
1	-0.437473684210526
2	-0.481221052631579
3	-0.524968421052632
4	-0.568715789473684
5	-0.556294736842105
6	-0.543873684210527
7	-0.5264
8	-0.500505263157895
9	-0.453768421052632
10	-0.401136842105263
11	-0.317389473684211
12	-0.246273684210526
13	-0.175157894736842
14	-0.104042105263158
15	-0.0329263157894738
16	0.0381894736842105
17	0.108463157894737
18	0.178736842105263
19	0.24058947368421
20	0.3016
21	0.352084210526316
22	0.389936842105263
23	0.426947368421053
24	0.407789473684211
25	0.385684210526316
26	0.352631578947368
27	0.307789473684211
28	0.241263157894737
29	0.167157894736842
30	0.105684210526316
31	0.056
32	-0.0766315789473685
33	-0.209263157894737
34	-0.329263157894737
35	-0.436631578947368
36	-0.543157894736842
37	-0.649684210526316
38	-0.74778947368421
39	-0.845052631578947
40	-0.930947368421053
41	-1.00421052631579
42	-1.06821052631579
43	-1.13136842105263
44	-1.12168421052632
45	-1.10610526315789
46	-1.08715789473684
47	-1.06736842105263
48	-1.04589473684211
49	-1.02442105263158
50	-1.00210526315789
51	-0.896842105263158
52	-0.791578947368421
