Ind	Score
1	-0.305263157894737
2	-0.335789473684211
3	-0.366315789473684
4	-0.397368421052632
5	-0.365473684210526
6	-0.325052631578947
7	-0.285157894736842
8	-0.245263157894737
9	-0.20421052631579
10	-0.162
11	-0.0860000000000002
12	-0.0100000000000002
13	0.0671578947368419
14	0.147578947368421
15	0.229157894736842
16	0.310736842105263
17	0.392315789473684
18	0.473894736842105
19	0.555473684210526
20	0.637052631578947
21	0.718631578947368
22	0.800210526315789
23	0.881157894736842
24	0.899157894736842
25	0.908631578947368
26	0.918631578947368
27	0.929157894736842
28	0.938526315789474
29	0.947263157894737
30	0.946315789473684
31	0.939578947368421
32	0.917684210526316
33	0.811473684210526
34	0.704105263157895
35	0.596736842105263
36	0.489368421052632
37	0.382
38	0.274631578947368
39	0.167263157894737
40	0.0598947368421053
41	-0.0474736842105263
42	-0.153684210526316
43	-0.259894736842105
44	-0.366105263157895
45	-0.416
46	-0.466421052631579
47	-0.516842105263158
48	-0.567789473684211
49	-0.612315789473684
50	-0.651052631578947
51	-0.67578947368421
52	-0.619473684210526
53	-0.563157894736842
