Ind	Score
1	-0.109052631578947
2	-0.128631578947368
3	-0.14821052631579
4	-0.167789473684211
5	-0.157684210526316
6	-0.132421052631579
7	-0.103368421052632
8	-0.0722105263157895
9	-0.0402105263157895
10	-0.00736842105263157
11	0.0383157894736842
12	0.0848421052631579
13	0.131368421052632
14	0.180842105263158
15	0.232421052631579
16	0.284736842105263
17	0.337052631578947
18	0.389368421052632
19	0.444631578947368
20	0.505789473684211
21	0.569052631578947
22	0.632315789473684
23	0.692631578947368
24	0.729157894736842
25	0.751789473684211
26	0.768947368421053
27	0.783157894736842
28	0.794
29	0.788421052631579
30	0.775263157894737
31	0.760421052631579
32	0.738421052631579
33	0.669473684210526
34	0.601368421052632
35	0.532526315789474
36	0.463684210526316
37	0.394842105263158
38	0.323894736842105
39	0.253052631578948
40	0.18221052631579
41	0.111368421052632
42	0.0434736842105264
43	-0.0303157894736841
44	-0.105368421052631
45	-0.151578947368421
46	-0.196947368421053
47	-0.23978947368421
48	-0.267052631578947
49	-0.29178947368421
50	-0.314842105263158
51	-0.330736842105263
52	-0.302631578947368
53	-0.274526315789474
