Ind	Score
1	0.478315789473684
2	0.462315789473684
3	0.437473684210526
4	0.412631578947368
5	0.392
6	0.371368421052632
7	0.350736842105263
8	0.327578947368421
9	0.299368421052632
10	0.2656
11	0.181221052631579
12	0.096842105263158
13	0.0124631578947369
14	-0.0870736842105262
15	-0.189136842105263
16	-0.294147368421053
17	-0.405052631578947
18	-0.524378947368421
19	-0.642863157894737
20	-0.760505263157895
21	-0.815410526315789
22	-0.861473684210527
23	-0.906694736842105
24	-0.955284210526316
25	-0.941978947368421
26	-0.919831578947368
27	-0.895157894736842
28	-0.865431578947369
29	-0.830147368421053
30	-0.792673684210527
31	-0.752673684210526
32	-0.707621052631579
33	-0.641852631578948
34	-0.571368421052632
35	-0.497936842105263
36	-0.417768421052632
37	-0.314021052631579
38	-0.207747368421053
39	-0.0985263157894738
40	0.0165894736842105
41	0.140126315789474
42	0.262821052631579
43	0.384673684210526
44	0.444631578947368
45	0.495747368421053
46	0.546863157894737
47	0.597978947368421
48	0.649094736842105
49	0.697684210526316
50	0.743747368421053
51	0.776336842105263
52	0.754105263157895
53	0.702315789473684
54	0.650526315789474
55	0.598736842105263
56	0.530947368421053
57	0.460631578947369
58	0.387368421052632
59	0.307368421052632
60	0.218947368421053
61	0.130526315789474
62	0.0421052631578948
63	-0.0526315789473684
64	-0.147368421052632
65	-0.242105263157895
66	-0.336842105263158
67	-0.431578947368421
68	-0.52378947368421
69	-0.616
70	-0.699789473684211
71	-0.734315789473684
72	-0.738947368421053
73	-0.743578947368421
74	-0.73978947368421
75	-0.685894736842105
76	-0.604631578947368
77	-0.523368421052632
78	-0.443789473684211
79	-0.365894736842105
80	-0.288
81	-0.210105263157895
82	-0.125894736842105
83	-0.0416842105263157
84	0.0425263157894737
85	0.126736842105263
86	0.217263157894737
87	0.306947368421053
88	0.39578947368421
89	0.48378947368421
90	0.567578947368421
91	0.648842105263158
92	0.730105263157895
93	0.725473684210527
94	0.671578947368421
95	0.590315789473684
96	0.509052631578948
97	0.429473684210526
98	0.351578947368421
99	0.273684210526316
100	0.195789473684211
101	0.119578947368421
102	0.0458947368421054
103	-0.0277894736842104
104	-0.101473684210526
105	-0.149894736842105
106	-0.197473684210526
107	-0.244210526315789
108	-0.290105263157895
109	-0.33178947368421
110	-0.373473684210526
111	-0.415157894736842
112	-0.379368421052631
113	-0.343578947368421
