Ind	Score
1	0.105263157894737
2	0.115789473684211
3	0.126315789473684
4	0.136842105263158
5	0.181052631578947
6	0.233684210526316
7	0.286315789473684
8	0.338947368421053
9	0.391578947368421
10	0.444210526315789
11	0.486315789473684
12	0.528421052631579
13	0.570526315789474
14	0.612631578947368
15	0.654736842105263
16	0.696842105263158
17	0.738947368421053
18	0.781052631578947
19	0.823157894736842
20	0.865263157894737
21	0.907368421052632
22	0.949473684210526
23	0.991578947368421
24	1
25	1
26	1
27	1
28	1
29	1
30	1
31	1
32	1
33	1
34	1
35	1
36	1
37	1
38	1
39	1
40	1
41	1
42	1
43	1
44	1
45	1
46	1
47	1
48	1
49	1
50	1
51	1
52	1
53	1
54	1
55	1
56	1
57	1
58	1
59	1
60	1
61	1
62	1
63	1
64	1
65	1
66	1
67	1
68	1
69	1
70	1
71	1
72	1
73	1
74	1
75	1
76	1
77	1
78	1
79	1
80	1
81	1
82	1
83	1
84	1
85	1
86	1
87	1
88	1
89	1
90	1
91	1
92	0.986526315789474
93	0.944421052631579
94	0.902315789473684
95	0.86021052631579
96	0.818105263157895
97	0.776
98	0.733894736842105
99	0.691789473684211
100	0.649684210526316
101	0.607578947368421
102	0.565473684210526
103	0.523368421052632
104	0.481263157894737
105	0.428631578947368
106	0.376
107	0.323368421052632
108	0.270736842105263
109	0.218105263157895
110	0.165473684210526
111	0.126315789473684
112	0.115789473684211
113	0.105263157894737
