Ind	Score
1	0.105263157894737
2	0.115789473684211
3	0.126315789473684
4	0.136842105263158
5	0.185263157894737
6	0.237894736842105
7	0.290526315789474
8	0.343157894736842
9	0.395789473684211
10	0.448421052631579
11	0.490526315789474
12	0.532631578947368
13	0.574736842105263
14	0.616842105263158
15	0.658947368421053
16	0.701052631578947
17	0.743157894736842
18	0.785263157894737
19	0.827368421052632
20	0.869473684210526
21	0.911578947368421
22	0.953684210526316
23	0.995789473684211
24	1
25	1
26	1
27	1
28	1
29	1
30	1
31	1
32	1
33	1
34	1
35	1
36	1
37	1
38	1
39	1
40	1
41	1
42	1
43	1
44	1
45	1
46	1
47	1
48	1
49	1
50	1
51	1
52	1
53	1
54	1
55	1
56	1
57	1
58	1
59	1
60	1
61	1
62	1
63	1
64	1
65	1
66	1
67	1
68	1
69	1
70	1
71	1
72	1
73	1
74	1
75	1
76	1
77	1
78	1
79	1
80	1
81	1
82	1
83	1
84	1
85	1
86	1
87	1
88	1
89	1
90	1
91	1
92	1
93	0.957894736842105
94	0.915789473684211
95	0.873684210526316
96	0.831578947368421
97	0.789473684210526
98	0.747368421052632
99	0.705263157894737
100	0.663157894736842
101	0.621052631578947
102	0.578947368421053
103	0.536842105263158
104	0.494736842105263
105	0.442105263157895
106	0.389473684210526
107	0.336842105263158
108	0.284210526315789
109	0.231578947368421
110	0.178947368421053
111	0.126315789473684
112	0.115789473684211
113	0.105263157894737
