Ind	Score
1	-0.600421052631579
2	-0.661473684210526
3	-0.722526315789474
4	-0.783578947368421
5	-0.832
6	-0.880421052631579
7	-0.924631578947368
8	-0.968842105263158
9	-1.00421052631579
10	-1.03957894736842
11	-1.016
12	-0.96
13	-0.870736842105263
14	-0.770526315789474
15	-0.661894736842105
16	-0.553263157894737
17	-0.439578947368421
18	-0.325894736842105
19	-0.212210526315789
20	-0.0985263157894737
21	0.0151578947368421
22	0.128842105263158
23	0.242526315789474
24	0.343578947368421
25	0.444631578947368
26	0.541473684210526
27	0.638315789473684
28	0.726315789473684
29	0.814315789473684
30	0.899368421052632
31	0.952
32	0.976421052631579
33	0.989894736842105
34	0.994947368421053
35	1
36	1
37	1
38	1
39	1
40	1
41	1
42	1
43	1
44	1
45	1
46	1
47	1
48	1
49	1
50	1
51	1
52	1
53	1
54	1
55	1
56	1
57	1
58	1
59	1
60	1
61	1
62	1
63	1
64	1
65	1
66	1
67	1
68	1
69	1
70	1
71	1
72	1
73	1
74	1
75	1
76	1
77	1
78	1
79	1
80	1
81	1
82	1
83	1
84	1
85	1
86	1
87	1
88	1
89	1
90	1
91	1
92	1
93	1
94	1
95	1
96	1
97	1
98	1
99	1
100	1
101	1
102	1
103	1
104	1
105	1
106	1
107	1
108	1
109	1
110	1
111	1
112	1
113	1
114	1
115	1
116	1
117	1
118	1
119	1
120	1
121	1
122	1
123	1
124	1
125	1
126	1
127	1
128	1
129	1
130	1
131	1
132	1
133	1
134	1
135	1
136	1
137	1
138	1
139	1
140	1
141	1
142	1
143	1
144	1
145	1
146	1
147	1
148	1
149	1
150	1
151	1
152	1
153	1
154	1
155	1
156	1
157	0.978105263157895
158	0.955368421052632
159	0.910315789473684
160	0.843789473684211
161	0.762526315789474
162	0.681263157894737
163	0.597052631578947
164	0.512842105263158
165	0.428631578947368
166	0.344421052631579
167	0.260210526315789
168	0.176
169	0.0917894736842105
170	0.00168421052631579
171	-0.088421052631579
172	-0.178526315789474
173	-0.268631578947369
174	-0.358736842105263
175	-0.448842105263158
176	-0.517052631578948
177	-0.584421052631579
178	-0.629473684210527
179	-0.653052631578948
180	-0.64
181	-0.626105263157895
182	-0.586947368421053
183	-0.526315789473684
184	-0.474526315789474
185	-0.422736842105263
186	-0.368
187	-0.313263157894737
188	-0.258526315789474
189	-0.197894736842105
190	-0.137263157894737
191	-0.0766315789473684
192	-0.016
193	0.0505263157894737
194	0.117052631578947
195	0.183578947368421
196	0.250105263157895
197	0.316631578947368
198	0.383157894736842
199	0.398736842105263
200	0.413473684210526
201	0.405894736842105
202	0.376842105263158
203	0.356631578947368
204	0.336421052631579
205	0.313263157894737
206	0.290105263157895
207	0.266947368421053
