Ind	Score
1	0.206315789473684
2	0.226947368421053
3	0.247578947368421
4	0.268210526315789
5	0.319157894736842
6	0.365052631578947
7	0.390315789473684
8	0.406736842105263
9	0.416421052631579
10	0.425263157894737
11	0.413473684210526
12	0.401684210526316
13	0.389894736842105
14	0.378105263157895
15	0.366315789473684
16	0.354526315789474
17	0.342736842105263
18	0.330947368421053
19	0.319157894736842
20	0.307368421052632
21	0.295578947368421
22	0.283789473684211
23	0.272
24	0.229894736842105
25	0.192842105263158
26	0.176421052631579
27	0.168842105263158
28	0.168
29	0.173894736842105
30	0.201263157894737
31	0.237473684210526
32	0.280421052631579
33	0.324210526315789
34	0.368
35	0.41178947368421
36	0.455578947368421
37	0.499368421052631
38	0.543157894736842
39	0.586947368421053
40	0.630736842105263
41	0.674526315789473
42	0.718315789473684
43	0.762105263157895
44	0.805894736842105
45	0.849684210526316
46	0.893473684210526
47	0.937263157894737
48	0.975157894736842
49	0.991578947368421
50	0.999157894736842
51	1
52	1
53	1
54	1
55	1
56	1
57	1
58	1
59	1
60	1
61	1
62	1
63	1
64	1
65	1
66	1
67	1
68	1
69	1
70	1
71	1
72	1
73	1
74	1
75	1
76	1
77	1
78	1
79	1
80	1
81	0.999157894736842
82	0.998315789473684
83	0.997473684210526
84	0.996631578947369
85	0.995789473684211
86	0.992
87	0.988210526315789
88	0.984421052631579
89	0.980631578947368
90	0.976
91	0.961263157894737
92	0.945684210526316
93	0.869894736842105
94	0.794105263157895
95	0.718315789473684
96	0.642526315789474
97	0.566736842105263
98	0.490947368421053
99	0.415157894736842
100	0.34021052631579
101	0.265263157894737
102	0.190315789473684
103	0.115368421052632
104	0.041263157894737
105	-0.00757894736842095
106	-0.0564210526315788
107	-0.105263157894737
108	-0.154105263157895
109	-0.202105263157895
110	-0.24
111	-0.277052631578947
112	-0.253894736842105
113	-0.230736842105263
