Ind	Score
1	-0.122105263157895
2	-0.143578947368421
3	-0.165052631578947
4	-0.186526315789474
5	-0.176
6	-0.163789473684211
7	-0.151578947368421
8	-0.139368421052632
9	-0.127157894736842
10	-0.115789473684211
11	-0.116631578947369
12	-0.117473684210526
13	-0.109894736842105
14	-0.0711578947368422
15	-0.0315789473684211
16	0.00799999999999996
17	0.056
18	0.128421052631579
19	0.200842105263158
20	0.273263157894737
21	0.345684210526316
22	0.418105263157895
23	0.490526315789474
24	0.530947368421053
25	0.569684210526316
26	0.608421052631579
27	0.647157894736842
28	0.685894736842105
29	0.725473684210526
30	0.765052631578947
31	0.804631578947368
32	0.844210526315789
33	0.878736842105263
34	0.912421052631579
35	0.946105263157895
36	0.971368421052632
37	0.97221052631579
38	0.973052631578948
39	0.973894736842105
40	0.974736842105263
41	0.976421052631579
42	0.978105263157895
43	0.979789473684211
44	0.981473684210526
45	0.983157894736842
46	0.984842105263158
47	0.986526315789474
48	0.988210526315789
49	0.989894736842105
50	0.991578947368421
51	0.993263157894737
52	0.994105263157895
53	0.994947368421053
54	0.995789473684211
55	0.996631578947369
56	0.997473684210526
57	0.998315789473684
58	0.999157894736842
59	1
60	1
61	1
62	1
63	1
64	1
65	1
66	1
67	0.999157894736842
68	0.998315789473684
69	0.997473684210526
70	0.996631578947369
71	0.995789473684211
72	0.994947368421053
73	0.994105263157895
74	0.993263157894737
75	0.992421052631579
76	0.991578947368421
77	0.990736842105263
78	0.989894736842105
79	0.989052631578948
80	0.98821052631579
81	0.987368421052632
82	0.986526315789474
83	0.985684210526316
84	0.984842105263158
85	0.984
86	0.980631578947369
87	0.977263157894737
88	0.973894736842105
89	0.969684210526316
90	0.966315789473684
91	0.962947368421053
92	0.959578947368421
93	0.885473684210527
94	0.811368421052632
95	0.737263157894737
96	0.663157894736842
97	0.589052631578947
98	0.514947368421053
99	0.440842105263158
100	0.366736842105263
101	0.292631578947368
102	0.218526315789474
103	0.144421052631579
104	0.0703157894736842
105	0.0218947368421052
106	-0.0265263157894737
107	-0.0749473684210526
108	-0.122526315789474
109	-0.170947368421053
110	-0.219368421052632
111	-0.267789473684211
112	-0.245473684210526
113	-0.223157894736842
