Ind	Score
1	-0.0761052631578948
2	-0.0876842105263158
3	-0.0992631578947369
4	-0.110842105263158
5	-0.0774736842105263
6	-0.0429473684210527
7	-0.00842105263157899
8	0.0261052631578947
9	0.0606315789473684
10	0.0951578947368421
11	0.133368421052631
12	0.170421052631579
13	0.216
14	0.261578947368421
15	0.310947368421053
16	0.361473684210526
17	0.412
18	0.463684210526316
19	0.518631578947368
20	0.574736842105263
21	0.630842105263158
22	0.689263157894737
23	0.747684210526316
24	0.761157894736842
25	0.772315789473684
26	0.783473684210526
27	0.794631578947368
28	0.80578947368421
29	0.816947368421052
30	0.828105263157894
31	0.840421052631579
32	0.844210526315789
33	0.848
34	0.852421052631579
35	0.858
36	0.864736842105263
37	0.872631578947368
38	0.878421052631579
39	0.883052631578947
40	0.887684210526316
41	0.891157894736842
42	0.89578947368421
43	0.900421052631579
44	0.906210526315789
45	0.912
46	0.91778947368421
47	0.923578947368421
48	0.930526315789473
49	0.937473684210526
50	0.944421052631579
51	0.951368421052631
52	0.957157894736842
53	0.962947368421053
54	0.967578947368421
55	0.971052631578947
56	0.974526315789474
57	0.976842105263158
58	0.979157894736842
59	0.981473684210526
60	0.982631578947368
61	0.982631578947368
62	0.982631578947368
63	0.982631578947368
64	0.982631578947368
65	0.980315789473684
66	0.976842105263158
67	0.972210526315789
68	0.967578947368421
69	0.961789473684211
70	0.956
71	0.951368421052631
72	0.946736842105263
73	0.942105263157895
74	0.936315789473684
75	0.931684210526316
76	0.925894736842105
77	0.916842105263158
78	0.906631578947368
79	0.889473684210526
80	0.870631578947368
81	0.850105263157895
82	0.828421052631579
83	0.802105263157895
84	0.778105263157895
85	0.754105263157895
86	0.730105263157894
87	0.706105263157894
88	0.685578947368421
89	0.666210526315789
90	0.643368421052631
91	0.620526315789473
92	0.568210526315789
93	0.517052631578947
94	0.464736842105263
95	0.413578947368421
96	0.365684210526316
97	0.320105263157894
98	0.281473684210526
99	0.245684210526315
100	0.214842105263158
101	0.186315789473684
102	0.169368421052631
103	0.154105263157894
104	0.130105263157895
105	0.106105263157895
106	0.0821052631578946
107	0.0557894736842104
108	0.0283157894736841
109	0.00431578947368407
110	-0.0196842105263159
111	-0.0142105263157896
112	-0.00873684210526326
