Ind	Score
1	-0.0433684210526316
2	-0.048
3	-0.0526315789473685
4	-0.0572631578947369
5	-0.0328421052631579
6	-0.0033684210526316
7	0.0303157894736842
8	0.0703157894736842
9	0.110315789473684
10	0.151157894736842
11	0.193684210526316
12	0.239157894736842
13	0.283789473684211
14	0.337263157894737
15	0.389894736842105
16	0.445473684210526
17	0.501052631578948
18	0.556631578947368
19	0.61221052631579
20	0.667789473684211
21	0.723368421052632
22	0.778947368421053
23	0.834526315789474
24	0.861052631578948
25	0.882526315789474
26	0.89978947368421
27	0.910736842105263
28	0.921684210526316
29	0.93178947368421
30	0.941894736842105
31	0.952
32	0.962947368421053
33	0.965052631578947
34	0.968
35	0.968
36	0.968842105263158
37	0.969684210526316
38	0.971368421052632
39	0.973052631578947
40	0.974736842105263
41	0.976421052631579
42	0.978105263157895
43	0.97978947368421
44	0.981473684210526
45	0.983157894736842
46	0.984842105263158
47	0.986526315789473
48	0.988210526315789
49	0.989894736842105
50	0.991368421052631
51	0.992842105263158
52	0.994315789473684
53	0.99578947368421
54	0.997263157894737
55	0.997894736842105
56	0.998526315789473
57	0.998315789473684
58	0.998105263157895
59	0.997894736842105
60	0.997684210526316
61	0.997473684210526
62	0.997263157894737
63	0.997052631578947
64	0.996842105263158
65	0.996631578947368
66	0.996421052631579
67	0.996210526315789
68	0.996
69	0.996
70	0.996
71	0.996
72	0.996
73	0.996210526315789
74	0.996421052631579
75	0.996631578947368
76	0.996842105263158
77	0.997052631578947
78	0.997263157894737
79	0.997473684210526
80	0.997684210526316
81	0.994526315789473
82	0.984210526315789
83	0.967578947368421
84	0.950947368421052
85	0.934315789473684
86	0.917684210526316
87	0.901052631578947
88	0.884421052631579
89	0.86778947368421
90	0.844421052631579
91	0.789894736842105
92	0.728842105263158
93	0.619368421052632
94	0.509894736842105
95	0.400421052631579
96	0.290947368421053
97	0.181473684210526
98	0.072
99	-0.0374736842105263
100	-0.143578947368421
101	-0.242526315789474
102	-0.335157894736842
103	-0.42778947368421
104	-0.517052631578947
105	-0.552842105263158
106	-0.588631578947368
107	-0.624421052631579
108	-0.660210526315789
109	-0.689263157894737
110	-0.687157894736842
111	-0.678736842105263
112	-0.621894736842105
113	-0.565052631578947
