Ind	Score
1	-0.198105263157895
2	-0.218210526315789
3	-0.208315789473684
4	-0.192526315789474
5	-0.156105263157895
6	-0.118210526315789
7	-0.0714736842105262
8	-0.0247368421052631
9	0.026421052631579
10	0.0775789473684211
11	0.147368421052632
12	0.217157894736842
13	0.289894736842105
14	0.361157894736842
15	0.432421052631579
16	0.503684210526316
17	0.574947368421053
18	0.646210526315789
19	0.717473684210526
20	0.788736842105263
21	0.86
22	0.901263157894737
23	0.936631578947369
24	0.951368421052632
25	0.964631578947369
26	0.969052631578948
27	0.973473684210527
28	0.973473684210527
29	0.973473684210527
30	0.973473684210527
31	0.973473684210527
32	0.972
33	0.973473684210527
34	0.974947368421053
35	0.976421052631579
36	0.977894736842105
37	0.979368421052632
38	0.980842105263158
39	0.982315789473684
40	0.983789473684211
41	0.985263157894737
42	0.985263157894737
43	0.985263157894737
44	0.985263157894737
45	0.985263157894737
46	0.985263157894737
47	0.985263157894737
48	0.985263157894737
49	0.985263157894737
50	0.985263157894737
51	0.985263157894737
52	0.983789473684211
53	0.982315789473684
54	0.980842105263158
55	0.979368421052632
56	0.977894736842105
57	0.976421052631579
58	0.974947368421053
59	0.973473684210527
60	0.970526315789474
61	0.970526315789474
62	0.970526315789474
63	0.970526315789474
64	0.970526315789474
65	0.970526315789474
66	0.970526315789474
67	0.970526315789474
68	0.970526315789474
69	0.970526315789474
70	0.970526315789474
71	0.970526315789474
72	0.970526315789474
73	0.970526315789474
74	0.970526315789474
75	0.970526315789474
76	0.970526315789474
77	0.969052631578948
78	0.967578947368421
79	0.966526315789474
80	0.961052631578948
81	0.955578947368421
82	0.947157894736842
83	0.937263157894737
84	0.921473684210526
85	0.905684210526316
86	0.888421052631579
87	0.869684210526316
88	0.843578947368422
89	0.811578947368421
90	0.778105263157895
91	0.741684210526316
92	0.705263157894737
93	0.668842105263158
94	0.625052631578948
95	0.553684210526316
96	0.485263157894737
97	0.416842105263158
98	0.352
99	0.293052631578948
100	0.234105263157895
101	0.181052631578948
102	0.130947368421053
103	0.0926315789473686
104	0.0543157894736844
105	0.0204210526315791
106	-0.0119999999999998
107	-0.0370526315789472
108	-0.0562105263157893
109	-0.0738947368421051
110	-0.0886315789473683
111	-0.103368421052631
112	-0.118105263157895
113	-0.125473684210526
