Ind	Score
1	-0.0953684210526315
2	-0.113157894736842
3	-0.0885263157894736
4	-0.0609473684210526
5	-0.0289473684210526
6	0.010421052631579
7	0.0497894736842106
8	0.0891578947368422
9	0.128526315789474
10	0.167894736842105
11	0.211789473684211
12	0.255684210526316
13	0.299578947368421
14	0.343473684210526
15	0.390315789473684
16	0.437157894736842
17	0.50021052631579
18	0.566210526315789
19	0.63221052631579
20	0.699684210526316
21	0.767157894736842
22	0.79221052631579
23	0.814315789473684
24	0.832
25	0.840842105263158
26	0.849684210526316
27	0.858526315789474
28	0.867368421052631
29	0.874736842105263
30	0.882105263157895
31	0.889473684210526
32	0.896842105263158
33	0.904210526315789
34	0.910105263157895
35	0.916
36	0.916
37	0.914526315789474
38	0.913052631578948
39	0.913052631578948
40	0.913052631578948
41	0.913052631578948
42	0.913052631578948
43	0.912526315789474
44	0.913473684210526
45	0.914421052631579
46	0.915368421052632
47	0.915789473684211
48	0.919157894736842
49	0.922526315789474
50	0.925894736842105
51	0.929263157894737
52	0.930526315789474
53	0.931789473684211
54	0.933052631578947
55	0.932842105263158
56	0.932631578947369
57	0.932421052631579
58	0.930736842105264
59	0.929052631578948
60	0.927368421052632
61	0.925684210526316
62	0.925052631578948
63	0.925894736842106
64	0.926736842105263
65	0.927578947368421
66	0.929473684210527
67	0.929894736842106
68	0.930315789473684
69	0.930736842105263
70	0.931157894736842
71	0.935789473684211
72	0.940421052631579
73	0.945052631578948
74	0.949684210526316
75	0.954315789473684
76	0.958947368421053
77	0.963578947368421
78	0.96821052631579
79	0.968421052631579
80	0.964210526315789
81	0.956526315789474
82	0.945894736842105
83	0.93378947368421
84	0.921684210526316
85	0.909052631578947
86	0.893473684210526
87	0.877894736842105
88	0.862315789473684
89	0.846736842105263
90	0.829052631578947
91	0.804
92	0.765684210526316
93	0.723894736842105
94	0.679157894736842
95	0.605368421052632
96	0.531578947368421
97	0.457789473684211
98	0.392842105263158
99	0.336736842105263
100	0.286526315789474
101	0.239263157894737
102	0.194947368421053
103	0.150631578947369
104	0.106315789473684
105	0.0713684210526317
106	0.036421052631579
107	0.00147368421052638
108	-0.0334736842105263
109	-0.0684210526315789
110	-0.0959999999999999
111	-0.110315789473684
112	-0.121157894736842
113	-0.129052631578947
