Ind	Score
1	-0.597894736842105
2	-0.657684210526316
3	-0.717473684210526
4	-0.777263157894737
5	-0.772631578947368
6	-0.745263157894737
7	-0.703157894736842
8	-0.655157894736842
9	-0.607157894736842
10	-0.554526315789474
11	-0.442105263157895
12	-0.329684210526316
13	-0.217263157894737
14	-0.104842105263158
15	0.007578947368421
16	0.12
17	0.232421052631579
18	0.344842105263158
19	0.457263157894737
20	0.569684210526316
21	0.682105263157895
22	0.794526315789474
23	0.906947368421053
24	0.954947368421053
25	0.98021052631579
26	0.990736842105263
27	0.995368421052632
28	1
29	1
30	1
31	1
32	1
33	1
34	1
35	1
36	1
37	1
38	1
39	1
40	1
41	1
42	1
43	1
44	1
45	1
46	1
47	1
48	1
49	1
50	1
51	1
52	1
53	1
54	1
55	1
56	1
57	1
58	1
59	1
60	1
61	1
62	1
63	1
64	0.992
65	0.981894736842105
66	0.971789473684211
67	0.961684210526316
68	0.951578947368421
69	0.941473684210526
70	0.931368421052631
71	0.921263157894737
72	0.911157894736842
73	0.901052631578947
74	0.890947368421052
75	0.880842105263158
76	0.870736842105263
77	0.860631578947368
78	0.850526315789474
79	0.840421052631579
80	0.829473684210526
81	0.815157894736842
82	0.800842105263158
83	0.794526315789474
84	0.789473684210526
85	0.783578947368421
86	0.777684210526316
87	0.777263157894737
88	0.778947368421052
89	0.780631578947368
90	0.782315789473684
91	0.782315789473684
92	0.780631578947368
93	0.693473684210526
94	0.606315789473684
95	0.519157894736842
96	0.432
97	0.344842105263158
98	0.257684210526316
99	0.171368421052632
100	0.088421052631579
101	0.00547368421052638
102	-0.0774736842105263
103	-0.158736842105263
104	-0.23578947368421
105	-0.272421052631579
106	-0.314526315789474
107	-0.358736842105263
108	-0.402947368421053
109	-0.447157894736842
110	-0.489684210526316
111	-0.530526315789474
112	-0.485894736842105
113	-0.441263157894737
