Ind	Score
1	0.0623157894736842
2	0.0685473684210526
3	0.0747789473684211
4	0.0810105263157895
5	0.131115789473684
6	0.182063157894737
7	0.233852631578947
8	0.286484210526316
9	0.339115789473684
10	0.391747368421053
11	0.438147368421053
12	0.484547368421053
13	0.530947368421053
14	0.577347368421053
15	0.622905263157895
16	0.663410526315789
17	0.702231578947368
18	0.736842105263158
19	0.745768421052631
20	0.754694736842105
21	0.750147368421052
22	0.7456
23	0.741052631578948
24	0.689684210526316
25	0.634526315789474
26	0.578526315789474
27	0.52
28	0.460631578947369
29	0.401263157894737
30	0.341894736842105
31	0.282526315789474
32	0.223157894736842
33	0.163789473684211
34	0.105263157894737
35	0.0517894736842106
36	5.9835177748219e-17
37	-0.047578947368421
38	-0.0686315789473683
39	-0.0846315789473683
40	-0.0854736842105262
41	-0.0821052631578947
42	-0.0530526315789473
43	-0.0210526315789473
44	0.0273684210526316
45	0.0757894736842106
46	0.125894736842105
47	0.179789473684211
48	0.236631578947368
49	0.293473684210526
50	0.352
51	0.411368421052632
52	0.470736842105263
53	0.530105263157895
54	0.589473684210526
55	0.648842105263158
56	0.708210526315789
57	0.765052631578947
58	0.816842105263158
59	0.866947368421053
60	0.912
61	0.931368421052632
62	0.949052631578947
63	0.950315789473684
64	0.950231578947368
65	0.949642105263158
66	0.946105263157895
67	0.938778947368421
68	0.931452631578947
69	0.919915789473684
70	0.907536842105263
71	0.895157894736842
72	0.882778947368421
73	0.8704
74	0.858021052631579
75	0.845642105263158
76	0.834947368421053
77	0.824252631578947
78	0.813557894736842
79	0.803705263157895
80	0.794694736842106
81	0.784842105263158
82	0.777094736842106
83	0.771536842105264
84	0.766484210526316
85	0.763115789473684
86	0.763536842105263
87	0.765305263157895
88	0.770105263157895
89	0.773221052631579
90	0.777178947368421
91	0.77861052631579
92	0.781726315789474
93	0.776
94	0.770273684210527
95	0.764547368421053
96	0.758821052631579
97	0.753094736842106
98	0.747368421052632
99	0.7408
100	0.736757894736842
101	0.733557894736842
102	0.729515789473684
103	0.726315789473684
104	0.723957894736842
105	0.680757894736842
106	0.63621052631579
107	0.591157894736842
108	0.547789473684211
109	0.503578947368421
110	0.461894736842105
111	0.418526315789474
112	0.384
113	0.349473684210526
