Ind	Score
1	-0.238947368421053
2	-0.262842105263158
3	-0.242210526315789
4	-0.217157894736842
5	-0.190631578947368
6	-0.164105263157895
7	-0.128736842105263
8	-0.0904210526315788
9	-0.0510526315789472
10	-0.00873684210526305
11	0.0677894736842106
12	0.144315789473684
13	0.220315789473684
14	0.296315789473684
15	0.372315789473684
16	0.448315789473684
17	0.524315789473684
18	0.600315789473684
19	0.676315789473684
20	0.752315789473684
21	0.828315789473684
22	0.859789473684211
23	0.885368421052632
24	0.909473684210526
25	0.933578947368421
26	0.947368421052632
27	0.956736842105263
28	0.957684210526316
29	0.954210526315789
30	0.940421052631579
31	0.925157894736842
32	0.893263157894737
33	0.856947368421053
34	0.78221052631579
35	0.707473684210526
36	0.632736842105263
37	0.558
38	0.483263157894737
39	0.408526315789474
40	0.333789473684211
41	0.259052631578947
42	0.187263157894737
43	0.115473684210526
44	0.064842105263158
45	0.0156842105263159
46	-0.0319999999999999
47	-0.0723157894736841
48	-0.111157894736842
49	-0.15
50	-0.187368421052632
51	-0.207578947368421
52	-0.223368421052632
