Ind	Score
1	-0.128421052631579
2	-0.141263157894737
3	-0.154105263157895
4	-0.168
5	-0.129052631578947
6	-0.0855789473684211
7	-0.0409473684210527
8	0.00368421052631573
9	0.0506315789473684
10	0.102210526315789
11	0.166631578947368
12	0.231052631578947
13	0.295473684210526
14	0.358736842105263
15	0.419894736842105
16	0.481052631578947
17	0.542210526315789
18	0.603368421052632
19	0.664526315789473
20	0.725684210526315
21	0.786842105263158
22	0.848
23	0.909052631578947
24	0.916105263157895
25	0.918631578947368
26	0.92
27	0.922421052631579
28	0.921368421052632
29	0.915684210526316
30	0.91
31	0.904315789473684
32	0.898631578947368
33	0.894105263157895
34	0.891684210526316
35	0.889263157894737
36	0.886842105263158
37	0.885578947368421
38	0.886421052631579
39	0.887263157894737
40	0.888105263157895
41	0.888947368421053
42	0.890947368421053
43	0.892947368421053
44	0.893789473684211
45	0.894631578947369
46	0.892315789473684
47	0.892315789473684
48	0.892315789473684
49	0.892315789473684
50	0.892315789473684
51	0.893473684210526
52	0.894631578947369
53	0.895789473684211
54	0.896947368421053
55	0.898105263157895
56	0.898105263157895
57	0.896
58	0.893894736842106
59	0.891789473684211
60	0.887368421052632
61	0.882947368421052
62	0.878526315789473
63	0.872421052631579
64	0.866315789473684
65	0.862315789473684
66	0.858315789473684
67	0.855473684210526
68	0.852631578947368
69	0.850736842105263
70	0.847684210526316
71	0.844631578947368
72	0.841578947368421
73	0.837368421052632
74	0.824526315789474
75	0.807052631578947
76	0.789578947368421
77	0.772105263157895
78	0.754631578947368
79	0.739473684210526
80	0.724315789473684
81	0.710315789473684
82	0.699157894736842
83	0.689157894736842
84	0.679157894736842
85	0.669157894736842
86	0.660842105263158
87	0.652526315789474
88	0.636315789473684
89	0.620105263157895
90	0.603894736842105
91	0.586526315789473
92	0.568
93	0.506421052631579
94	0.449473684210526
95	0.392526315789473
96	0.336736842105263
97	0.289578947368421
98	0.247052631578947
99	0.204526315789474
100	0.162
101	0.119473684210526
102	0.0757894736842104
103	0.0321052631578946
104	-0.0127368421052633
105	-0.0474736842105265
106	-0.0822105263157896
107	-0.11
108	-0.137789473684211
109	-0.165578947368421
110	-0.19221052631579
111	-0.216526315789474
112	-0.189157894736842
113	-0.161789473684211
