Ind	Score
1	0.0238947368421052
2	0.0231578947368421
3	0.0224210526315789
4	0.0216842105263158
5	0.051578947368421
6	0.0893684210526315
7	0.128315789473684
8	0.168421052631579
9	0.208526315789474
10	0.248631578947368
11	0.284842105263158
12	0.321052631578947
13	0.358421052631579
14	0.396947368421052
15	0.434315789473684
16	0.476315789473684
17	0.518315789473684
18	0.561473684210526
19	0.604631578947368
20	0.652421052631579
21	0.700210526315789
22	0.749157894736842
23	0.798105263157895
24	0.816421052631579
25	0.826842105263158
26	0.836105263157895
27	0.837894736842105
28	0.836631578947368
29	0.835368421052632
30	0.832947368421053
31	0.830526315789473
32	0.826947368421052
33	0.822210526315789
34	0.818631578947368
35	0.815052631578947
36	0.811473684210526
37	0.807894736842105
38	0.805473684210526
39	0.798421052631579
40	0.791368421052631
41	0.783157894736842
42	0.771684210526316
43	0.759052631578947
44	0.746421052631579
45	0.730526315789473
46	0.720947368421053
47	0.714421052631579
48	0.707894736842105
49	0.701368421052632
50	0.701157894736842
51	0.707263157894737
52	0.713368421052631
53	0.719473684210526
54	0.704105263157895
55	0.688736842105263
56	0.673368421052631
57	0.653578947368421
58	0.633789473684211
59	0.614
60	0.594210526315789
61	0.573473684210526
62	0.553894736842105
63	0.534315789473684
64	0.518
65	0.504947368421052
66	0.493052631578947
67	0.481157894736842
68	0.472526315789474
69	0.457578947368421
70	0.436315789473684
71	0.415052631578947
72	0.39378947368421
73	0.394
74	0.394210526315789
75	0.394421052631579
76	0.397894736842105
77	0.422842105263158
78	0.44778947368421
79	0.472736842105263
80	0.505157894736842
81	0.537578947368421
82	0.567684210526316
83	0.59778947368421
84	0.628842105263158
85	0.658736842105263
86	0.688631578947368
87	0.715263157894737
88	0.741894736842105
89	0.765052631578947
90	0.768
91	0.762842105263158
92	0.756526315789474
93	0.705578947368421
94	0.654631578947368
95	0.603684210526316
96	0.531263157894737
97	0.458842105263158
98	0.386421052631579
99	0.310736842105263
100	0.235052631578947
101	0.161684210526316
102	0.0883157894736841
103	0.010736842105263
104	-0.066842105263158
105	-0.117157894736842
106	-0.167473684210526
107	-0.217789473684211
108	-0.264631578947369
109	-0.291263157894737
110	-0.309789473684211
111	-0.327157894736842
112	-0.299894736842105
113	-0.272631578947369
