Ind	Score
1	-0.176631578947368
2	-0.194736842105263
3	-0.177473684210526
4	-0.145473684210526
5	-0.107578947368421
6	-0.0652631578947367
7	-0.0199999999999999
8	0.025263157894737
9	0.0720000000000001
10	0.12021052631579
11	0.180631578947369
12	0.249894736842105
13	0.319157894736842
14	0.388421052631579
15	0.457684210526316
16	0.526947368421053
17	0.59621052631579
18	0.665473684210526
19	0.734736842105263
20	0.804
21	0.873263157894737
22	0.907157894736842
23	0.926315789473684
24	0.939578947368421
25	0.948421052631579
26	0.954315789473684
27	0.96021052631579
28	0.964631578947369
29	0.966105263157895
30	0.970526315789474
31	0.970526315789474
32	0.970526315789474
33	0.970526315789474
34	0.970526315789474
35	0.970526315789474
36	0.970526315789474
37	0.970526315789474
38	0.970526315789474
39	0.970526315789474
40	0.970526315789474
41	0.970526315789474
42	0.970526315789474
43	0.970526315789474
44	0.970526315789474
45	0.970526315789474
46	0.970526315789474
47	0.970526315789474
48	0.973473684210527
49	0.974947368421053
50	0.976421052631579
51	0.977894736842105
52	0.977894736842105
53	0.977894736842105
54	0.977894736842105
55	0.977894736842105
56	0.977894736842105
57	0.977894736842105
58	0.977894736842105
59	0.977894736842105
60	0.977894736842105
61	0.977894736842105
62	0.977894736842105
63	0.977894736842105
64	0.977894736842105
65	0.973473684210526
66	0.969052631578947
67	0.963157894736842
68	0.948421052631579
69	0.93221052631579
70	0.916
71	0.902736842105263
72	0.889473684210527
73	0.87621052631579
74	0.862947368421053
75	0.849684210526316
76	0.836421052631579
77	0.823157894736842
78	0.809894736842105
79	0.796631578947369
80	0.783368421052632
81	0.768631578947368
82	0.752421052631579
83	0.73621052631579
84	0.725894736842105
85	0.712631578947368
86	0.694947368421053
87	0.689052631578947
88	0.686105263157895
89	0.681684210526316
90	0.672842105263158
91	0.664
92	0.650736842105263
93	0.634526315789474
94	0.616842105263158
95	0.574105263157895
96	0.531368421052632
97	0.488631578947369
98	0.445894736842106
99	0.403157894736842
100	0.363368421052632
101	0.326526315789474
102	0.289684210526316
103	0.254315789473684
104	0.224842105263158
105	0.195789473684211
106	0.163789473684211
107	0.130315789473684
108	0.0983157894736843
109	0.069263157894737
110	0.0402105263157896
111	0.0155789473684212
112	-0.00610526315789464
113	-0.0263157894736841
