Ind	Score
1	0.509473684210526
2	0.560421052631579
3	0.611368421052631
4	0.662315789473684
5	0.714947368421052
6	0.767578947368421
7	0.820210526315789
8	0.872842105263158
9	0.925473684210526
10	0.978105263157895
11	0.97978947368421
12	0.981473684210526
13	0.983157894736842
14	0.984842105263158
15	0.986526315789473
16	0.988210526315789
17	0.989894736842105
18	0.991578947368421
19	0.993263157894737
20	0.994105263157895
21	0.994947368421053
22	0.995789473684211
23	0.996631578947369
24	0.995789473684211
25	0.994947368421053
26	0.994105263157895
27	0.981473684210526
28	0.967157894736842
29	0.941052631578948
30	0.907368421052632
31	0.866105263157895
32	0.824842105263158
33	0.783578947368421
34	0.742315789473684
35	0.68
36	0.554526315789474
37	0.429052631578947
38	0.303578947368421
39	0.178947368421053
40	0.0543157894736842
41	-0.0703157894736842
42	-0.194947368421053
43	-0.322947368421053
44	-0.463578947368421
45	-0.604210526315789
46	-0.733052631578947
47	-0.860210526315789
48	-0.975578947368421
49	-1.08336842105263
50	-1.17178947368421
51	-1.25852631578947
52	-1.33347368421053
53	-1.40084210526316
54	-1.43957894736842
55	-1.41515789473684
56	-1.39073684210526
57	-1.36631578947368
58	-1.32084210526316
59	-1.21221052631579
60	-1.10357894736842
61	-0.994947368421052
62	-0.882947368421052
63	-0.758315789473684
64	-0.633684210526316
65	-0.509052631578947
66	-0.380210526315789
67	-0.238736842105263
68	-0.0972631578947368
69	0.0324210526315789
70	0.160421052631579
71	0.276631578947368
72	0.385263157894737
73	0.486315789473684
74	0.586526315789474
75	0.686736842105263
76	0.786947368421053
77	0.866105263157895
78	0.882105263157895
79	0.898105263157895
80	0.914105263157895
81	0.902315789473684
82	0.877894736842105
83	0.853473684210526
84	0.829052631578947
85	0.800421052631579
86	0.735578947368421
87	0.670736842105263
88	0.605894736842105
89	0.517473684210526
90	0.429052631578947
91	0.340631578947369
92	0.198315789473684
93	0.056842105263158
94	-0.0846315789473683
95	-0.226105263157895
96	-0.367578947368421
97	-0.508210526315789
98	-0.648842105263158
99	-0.789473684210526
100	-0.902315789473684
101	-1.00252631578947
102	-1.10273684210526
103	-1.20294736842105
104	-1.21431578947368
105	-1.20210526315789
106	-1.18989473684211
107	-1.17768421052632
108	-1.14189473684211
109	-1.10610526315789
110	-1.07031578947368
111	-0.980631578947369
112	-0.890947368421053
