Ind	Score
1	0.0210526315789474
2	-0.00185263157894737
3	-0.0616
4	-0.127242105263158
5	-0.150610526315789
6	-0.171452631578947
7	-0.192294736842105
8	-0.213136842105263
9	-0.233136842105263
10	-0.253136842105263
11	-0.279284210526316
12	-0.305431578947368
13	-0.331578947368421
14	-0.357726315789474
15	-0.383873684210526
16	-0.412968421052632
17	-0.439115789473684
18	-0.465263157894737
19	-0.488884210526316
20	-0.488926315789474
21	-0.486021052631579
22	-0.446273684210526
23	-0.398105263157895
24	-0.368631578947368
25	-0.341684210526316
26	-0.277894736842105
27	-0.210315789473684
28	-0.144842105263158
29	-0.0793684210526315
30	-0.0138947368421052
31	0.0515789473684211
32	0.117052631578947
33	0.182526315789474
34	0.248
35	0.316421052631579
36	0.384842105263158
37	0.453263157894737
38	0.521684210526316
39	0.593052631578947
40	0.661473684210526
41	0.729894736842105
42	0.79578947368421
43	0.838105263157895
44	0.880421052631579
45	0.885894736842105
46	0.887578947368421
47	0.890526315789474
48	0.893473684210527
49	0.896421052631579
50	0.900968421052632
51	0.907621052631579
52	0.913768421052632
53	0.919915789473684
54	0.926063157894737
55	0.932210526315789
56	0.938357894736842
57	0.944505263157895
58	0.947705263157895
59	0.950905263157895
60	0.954105263157895
61	0.957305263157895
62	0.960505263157895
63	0.963705263157895
64	0.966905263157895
65	0.970105263157895
66	0.973305263157895
67	0.976505263157895
68	0.979705263157895
69	0.981305263157895
70	0.9808
71	0.958694736842105
72	0.913010526315789
73	0.867831578947368
74	0.822652631578947
75	0.777978947368421
76	0.712673684210526
77	0.647368421052632
78	0.582063157894737
79	0.516757894736842
80	0.451452631578948
81	0.386147368421053
82	0.317894736842105
83	0.249642105263158
84	0.181389473684211
85	0.113136842105263
86	0.0448842105263158
87	-0.0242105263157894
88	-0.0949894736842105
89	-0.165768421052632
90	-0.214442105263158
91	-0.243326315789474
92	-0.319873684210526
93	-0.396421052631579
94	-0.451368421052632
95	-0.462105263157895
96	-0.472842105263158
97	-0.483578947368421
98	-0.494315789473684
99	-0.484421052631579
100	-0.474526315789474
101	-0.461684210526316
102	-0.448842105263158
103	-0.436
104	-0.419368421052632
105	-0.402736842105263
106	-0.385263157894737
107	-0.366105263157895
108	-0.346947368421053
109	-0.327789473684211
110	-0.304842105263158
111	-0.234736842105263
112	-0.164631578947368
