Ind	Score
1	0.112842105263158
2	0.118315789473684
3	0.123789473684211
4	0.128421052631579
5	0.167368421052632
6	0.208
7	0.249473684210526
8	0.292631578947368
9	0.335789473684211
10	0.37978947368421
11	0.410736842105263
12	0.440842105263158
13	0.471789473684211
14	0.502736842105263
15	0.533684210526316
16	0.564631578947368
17	0.595578947368421
18	0.624421052631579
19	0.655789473684211
20	0.688842105263158
21	0.722631578947368
22	0.757263157894737
23	0.796105263157895
24	0.802315789473684
25	0.807684210526316
26	0.81221052631579
27	0.815894736842105
28	0.819789473684211
29	0.821157894736842
30	0.814105263157895
31	0.807894736842105
32	0.801684210526316
33	0.795473684210527
34	0.789263157894737
35	0.783894736842106
36	0.778526315789474
37	0.776105263157895
38	0.774526315789474
39	0.772105263157895
40	0.770631578947369
41	0.771263157894737
42	0.769368421052632
43	0.765789473684211
44	0.761473684210527
45	0.757157894736842
46	0.752
47	0.746631578947369
48	0.742947368421053
49	0.747684210526316
50	0.752421052631579
51	0.757157894736842
52	0.763578947368421
53	0.777578947368421
54	0.790736842105263
55	0.803894736842105
56	0.817052631578947
57	0.824315789473684
58	0.829894736842105
59	0.834631578947368
60	0.836421052631579
61	0.837368421052632
62	0.839157894736842
63	0.840842105263158
64	0.842526315789474
65	0.84421052631579
66	0.845894736842105
67	0.847578947368421
68	0.849263157894737
69	0.850947368421053
70	0.852631578947369
71	0.852631578947369
72	0.845052631578948
73	0.837473684210526
74	0.829894736842105
75	0.822315789473684
76	0.821473684210526
77	0.822315789473684
78	0.823157894736842
79	0.824
80	0.830736842105263
81	0.839157894736842
82	0.846736842105263
83	0.854315789473684
84	0.861894736842105
85	0.867789473684211
86	0.870736842105263
87	0.872842105263158
88	0.873263157894737
89	0.872842105263158
90	0.871578947368421
91	0.870315789473684
92	0.848
93	0.825684210526316
94	0.803368421052632
95	0.78021052631579
96	0.757894736842105
97	0.735578947368421
98	0.713263157894737
99	0.685052631578948
100	0.655157894736842
101	0.626105263157895
102	0.597052631578948
103	0.568
104	0.518736842105263
105	0.472421052631579
106	0.426947368421053
107	0.383157894736842
108	0.34021052631579
109	0.298105263157895
110	0.256
111	0.234947368421053
112	0.213894736842105
