Ind	Score
1	-0.778947368421053
2	-0.856842105263158
3	-0.934736842105263
4	-1.01263157894737
5	-1.06863157894737
6	-1.12463157894737
7	-1.17473684210526
8	-1.22484210526316
9	-1.27494736842105
10	-1.28378947368421
11	-1.17810526315789
12	-1.06231578947368
13	-0.931789473684211
14	-0.801263157894737
15	-0.670736842105263
16	-0.54021052631579
17	-0.409684210526316
18	-0.279157894736842
19	-0.148631578947368
20	-0.0181052631578947
21	0.112421052631579
22	0.242947368421053
23	0.373473684210526
24	0.482105263157895
25	0.590736842105263
26	0.693473684210526
27	0.796210526315789
28	0.898947368421053
29	0.960421052631579
30	0.985263157894737
31	1
32	1
33	1
34	1
35	1
36	1
37	1
38	1
39	1
40	1
41	1
42	1
43	1
44	1
45	1
46	1
47	1
48	1
49	1
50	1
51	1
52	1
53	1
54	1
55	1
56	1
57	1
58	1
59	1
60	1
61	1
62	1
63	1
64	1
65	1
66	1
67	1
68	1
69	1
70	1
71	1
72	1
73	1
74	1
75	1
76	1
77	1
78	1
79	1
80	1
81	1
82	1
83	1
84	1
85	1
86	1
87	1
88	1
89	1
90	1
91	1
92	1
93	1
94	1
95	1
96	1
97	1
98	1
99	1
100	1
101	1
102	1
103	1
104	1
105	1
106	1
107	1
108	1
109	1
110	1
111	1
112	1
113	1
114	1
115	1
116	1
117	1
118	1
119	1
120	1
121	1
122	1
123	1
124	1
125	1
126	1
127	1
128	1
129	1
130	1
131	1
132	1
133	1
134	1
135	1
136	1
137	1
138	1
139	1
140	1
141	1
142	1
143	1
144	1
145	1
146	1
147	1
148	1
149	1
150	1
151	1
152	1
153	1
154	1
155	0.991157894736842
156	0.982315789473684
157	0.946105263157895
158	0.886315789473684
159	0.802947368421053
160	0.719578947368421
161	0.636210526315789
162	0.552842105263158
163	0.469473684210526
164	0.386105263157895
165	0.302736842105263
166	0.219368421052632
167	0.136
168	0.0290526315789474
169	-0.0778947368421052
170	-0.184842105263158
171	-0.29178947368421
172	-0.398736842105263
173	-0.505684210526316
174	-0.60378947368421
175	-0.701894736842105
176	-0.772631578947368
177	-0.819789473684211
178	-0.834526315789474
179	-0.849263157894737
180	-0.836631578947369
181	-0.800421052631579
182	-0.743578947368421
183	-0.686736842105263
184	-0.629894736842105
185	-0.593684210526316
186	-0.557473684210526
187	-0.497684210526316
188	-0.437894736842105
189	-0.378105263157895
190	-0.318315789473684
191	-0.234947368421053
192	-0.151578947368421
193	-0.0682105263157894
194	0.0151578947368421
195	0.0985263157894737
196	0.181894736842105
197	0.227368421052632
198	0.272842105263158
199	0.290947368421053
200	0.285473684210526
201	0.259368421052632
202	0.233263157894737
203	0.207157894736842
204	0.201684210526316
205	0.196210526315789
