Ind	Score
1	-0.205473684210526
2	-0.226105263157895
3	-0.246736842105263
4	-0.267368421052632
5	-0.238315789473684
6	-0.205473684210526
7	-0.165473684210526
8	-0.122947368421053
9	-0.0804210526315789
10	-0.0378947368421053
11	0.0244210526315789
12	0.096
13	0.167578947368421
14	0.24
15	0.312421052631579
16	0.373894736842105
17	0.435368421052631
18	0.496842105263158
19	0.558315789473684
20	0.618105263157895
21	0.677894736842105
22	0.737684210526316
23	0.794947368421053
24	0.796631578947369
25	0.792842105263158
26	0.781894736842105
27	0.762947368421052
28	0.744
29	0.725052631578947
30	0.706105263157895
31	0.678736842105263
32	0.651368421052632
33	0.623157894736842
34	0.592
35	0.57178947368421
36	0.551578947368421
37	0.531368421052631
38	0.511157894736842
39	0.504421052631579
40	0.497578947368421
41	0.490736842105263
42	0.485578947368421
43	0.488
44	0.490421052631579
45	0.486105263157894
46	0.48978947368421
47	0.496421052631579
48	0.504736842105263
49	0.512210526315789
50	0.524315789473684
51	0.536421052631579
52	0.548526315789474
53	0.560421052631579
54	0.572315789473684
55	0.569473684210526
56	0.566631578947369
57	0.566736842105263
58	0.555052631578947
59	0.543473684210526
60	0.531894736842105
61	0.521157894736842
62	0.508736842105263
63	0.498105263157895
64	0.49421052631579
65	0.488631578947369
66	0.480105263157895
67	0.44821052631579
68	0.417157894736842
69	0.381473684210527
70	0.345789473684211
71	0.310105263157895
72	0.277578947368421
73	0.245052631578948
74	0.227263157894737
75	0.209473684210526
