Ind	Score
1	-0.341894736842105
2	-0.376084210526316
3	-0.410273684210527
4	-0.444463157894737
5	-0.444463157894737
6	-0.441515789473684
7	-0.432673684210527
8	-0.426357894736842
9	-0.417515789473684
10	-0.406147368421053
11	-0.353852631578947
12	-0.296505263157895
13	-0.226526315789474
14	-0.156547368421053
15	-0.0865684210526316
16	-0.0165894736842105
17	0.0533894736842105
18	0.123368421052632
19	0.193347368421053
20	0.263326315789474
21	0.333305263157895
22	0.403284210526316
23	0.473263157894737
24	0.509052631578947
25	0.541894736842105
26	0.568842105263158
27	0.598315789473684
28	0.637894736842105
29	0.674947368421053
30	0.705263157894737
31	0.734736842105263
32	0.751578947368421
33	0.768421052631579
34	0.785263157894737
35	0.802105263157895
36	0.818947368421053
37	0.835789473684211
38	0.852631578947368
39	0.869473684210526
40	0.886315789473684
41	0.903157894736842
42	0.92
43	0.936842105263158
44	0.953684210526316
45	0.970526315789474
46	0.987368421052632
47	0.991578947368421
48	0.995789473684211
49	1
50	1
51	1
52	1
53	1
54	1
55	1
56	1
57	1
58	1
59	1
60	1
61	1
62	1
63	1
64	1
65	1
66	1
67	1
68	1
69	1
70	1
71	1
72	1
73	1
74	1
75	1
76	1
77	1
78	1
79	0.999157894736842
80	0.998315789473684
81	0.997473684210526
82	0.996631578947369
83	0.995789473684211
84	0.994947368421053
85	0.994105263157895
86	0.993263157894737
87	0.992421052631579
88	0.987368421052632
89	0.979368421052632
90	0.964631578947368
91	0.949894736842105
92	0.910736842105263
93	0.832842105263158
94	0.754947368421053
95	0.677052631578947
96	0.599157894736842
97	0.521263157894737
98	0.444210526315789
99	0.367157894736842
100	0.290105263157895
101	0.213052631578947
102	0.136842105263158
103	0.0606315789473685
104	-0.015578947368421
105	-0.0673684210526315
106	-0.119157894736842
107	-0.166736842105263
108	-0.211368421052631
109	-0.249263157894737
110	-0.287157894736842
111	-0.300631578947368
112	-0.275368421052632
113	-0.250105263157895
