Ind	Score
1	-0.554736842105263
2	-0.61021052631579
3	-0.665684210526316
4	-0.721157894736842
5	-0.692842105263158
6	-0.651578947368421
7	-0.60821052631579
8	-0.564842105263158
9	-0.521473684210526
10	-0.471157894736842
11	-0.365368421052632
12	-0.258421052631579
13	-0.150315789473684
14	-0.0422105263157895
15	0.0658947368421052
16	0.174
17	0.282105263157895
18	0.388526315789474
19	0.493263157894737
20	0.598
21	0.700631578947368
22	0.803263157894737
23	0.905894736842105
24	0.924736842105263
25	0.927157894736842
26	0.927473684210526
27	0.92778947368421
28	0.928105263157895
29	0.919157894736842
30	0.909684210526316
31	0.899052631578947
32	0.885157894736842
33	0.871263157894737
34	0.857368421052632
35	0.837894736842105
36	0.81378947368421
37	0.791368421052632
38	0.748526315789473
39	0.704526315789473
40	0.658
41	0.586526315789474
42	0.516736842105263
43	0.446947368421052
44	0.382736842105263
45	0.318526315789474
46	0.254315789473684
47	0.190105263157895
48	0.131684210526316
49	0.0737894736842105
50	0.0158947368421052
51	-0.0398947368421053
52	-0.0933684210526315
53	-0.132105263157895
54	-0.165263157894737
55	-0.19378947368421
56	-0.222315789473684
57	-0.228736842105263
58	-0.234
59	-0.234631578947368
60	-0.210315789473684
61	-0.187684210526316
