Ind	Score
1	-0.214736842105263
2	-0.245557894736842
3	-0.276378947368421
4	-0.3072
5	-0.289515789473684
6	-0.271831578947368
7	-0.25498947368421
8	-0.237305263157895
9	-0.218778947368421
10	-0.199621052631579
11	-0.1768
12	-0.153978947368421
13	-0.130315789473684
14	-0.0780210526315789
15	-0.0257263157894736
16	0.0265684210526316
17	0.0797052631578948
18	0.158947368421053
19	0.239873684210526
20	0.3208
21	0.401726315789474
22	0.482652631578947
23	0.565263157894737
24	0.599368421052632
25	0.633473684210526
26	0.668421052631579
27	0.702526315789474
28	0.735789473684211
29	0.768421052631579
30	0.800421052631579
31	0.832421052631579
32	0.864421052631579
33	0.893894736842105
34	0.923368421052632
35	0.952842105263158
36	0.981473684210526
37	0.984
38	0.986526315789474
39	0.989052631578948
40	0.991578947368421
41	0.994105263157895
42	0.994947368421053
43	0.995789473684211
44	0.996631578947369
45	0.997473684210526
46	0.998315789473684
47	0.999157894736842
48	1
49	1
50	1
51	1
52	1
53	1
54	1
55	1
56	0.998315789473684
57	0.994947368421053
58	0.991578947368421
59	0.988210526315789
60	0.980631578947368
61	0.960421052631579
62	0.939368421052631
63	0.918315789473684
64	0.897263157894737
65	0.874526315789474
66	0.851789473684211
67	0.829052631578947
68	0.806315789473684
69	0.782736842105263
70	0.758315789473684
71	0.733894736842105
72	0.708631578947368
73	0.683368421052631
74	0.658105263157895
75	0.633684210526316
76	0.610947368421053
77	0.588210526315789
78	0.565473684210526
79	0.538526315789474
80	0.525894736842105
81	0.514105263157895
82	0.502315789473684
83	0.494736842105263
84	0.501473684210526
85	0.509052631578947
86	0.516631578947368
87	0.52421052631579
88	0.534315789473684
89	0.545263157894737
90	0.556210526315789
91	0.567157894736842
92	0.578947368421053
93	0.58821052631579
94	0.596631578947369
95	0.605894736842105
96	0.615157894736842
97	0.624421052631579
98	0.641263157894737
99	0.656421052631579
100	0.670315789473684
101	0.63978947368421
102	0.615157894736842
103	0.577894736842105
104	0.53978947368421
105	0.501684210526316
106	0.463578947368421
107	0.42378947368421
108	0.384
109	0.344210526315789
110	0.305263157894737
111	0.265473684210526
112	0.228210526315789
113	0.193263157894737
114	0.157473684210526
115	0.121684210526316
116	0.0858947368421052
117	0.0509473684210526
118	0.0159999999999999
119	-0.0176842105263159
120	-0.00694736842105269
121	-0.00631578947368426
