Ind	Score
1	-0.310315789473684
2	-0.341347368421053
3	-0.372378947368421
4	-0.40341052631579
5	-0.394568421052632
6	-0.368042105263158
7	-0.329726315789474
8	-0.285515789473684
9	-0.23541052631579
10	-0.185305263157895
11	-0.101642105263158
12	-0.0179789473684212
13	0.0656842105263157
14	0.149347368421053
15	0.233010526315789
16	0.316673684210526
17	0.400336842105263
18	0.484
19	0.567663157894737
20	0.651326315789474
21	0.734989473684211
22	0.818652631578947
23	0.902315789473684
24	0.946105263157895
25	0.97221052631579
26	0.986526315789474
27	0.994947368421053
28	0.997473684210526
29	1
30	1
31	1
32	1
33	1
34	1
35	1
36	1
37	1
38	1
39	1
40	1
41	0.999157894736842
42	0.998315789473684
43	0.997473684210526
44	0.996631578947369
45	0.995789473684211
46	0.994947368421053
47	0.994105263157895
48	0.993263157894737
49	0.992421052631579
50	0.991578947368421
51	0.989052631578948
52	0.984842105263158
53	0.980631578947369
54	0.976421052631579
55	0.97221052631579
56	0.968
57	0.963789473684211
58	0.959578947368421
59	0.952842105263158
60	0.945263157894737
61	0.936842105263158
62	0.928421052631579
63	0.866315789473684
64	0.805052631578948
65	0.743789473684211
66	0.682526315789474
67	0.621263157894737
68	0.56
69	0.498736842105263
70	0.439157894736842
71	0.381263157894737
72	0.323368421052632
73	0.265473684210526
74	0.209263157894737
75	0.160842105263158
76	0.112421052631579
77	0.064
78	0.0181052631578947
79	-0.0261052631578947
80	-0.0694736842105263
81	-0.112842105263158
82	-0.102526315789474
83	-0.0930526315789474
