Ind	Score
1	-0.0189473684210526
2	-0.0282105263157894
3	0.00673684210526319
4	0.0387368421052632
5	0.0692631578947369
6	0.096842105263158
7	0.125894736842105
8	0.154947368421053
9	0.183473684210526
10	0.213473684210526
11	0.242421052631579
12	0.271368421052632
13	0.300315789473684
14	0.329263157894737
15	0.35821052631579
16	0.387157894736842
17	0.424947368421053
18	0.465684210526316
19	0.512315789473684
20	0.561894736842106
21	0.611473684210527
22	0.618315789473684
23	0.631052631578948
24	0.646736842105263
25	0.668315789473684
26	0.688421052631579
27	0.71
28	0.734105263157895
29	0.756736842105263
30	0.779368421052632
31	0.802
32	0.824631578947368
33	0.847263157894737
34	0.869894736842105
35	0.892526315789474
36	0.910736842105263
37	0.927473684210526
38	0.941263157894737
39	0.953578947368421
40	0.965894736842105
41	0.976736842105263
42	0.984631578947369
43	0.991052631578948
44	0.994526315789474
45	0.998
46	1
47	1
48	1
49	1
50	1
51	1
52	1
53	1
54	1
55	1
56	1
57	1
58	1
59	1
60	1
61	1
62	1
63	1
64	1
65	0.998526315789474
66	0.997052631578948
67	0.995578947368421
68	0.994105263157895
69	0.992631578947369
70	0.991157894736842
71	0.989684210526316
72	0.98821052631579
73	0.986736842105263
74	0.985263157894737
75	0.983789473684211
76	0.982315789473684
77	0.980842105263158
78	0.977894736842105
79	0.974947368421053
80	0.972
81	0.969052631578948
82	0.966105263157895
83	0.961684210526316
84	0.96021052631579
85	0.958736842105263
86	0.957263157894737
87	0.955789473684211
88	0.952842105263158
89	0.948421052631579
90	0.944
91	0.938105263157895
92	0.93221052631579
93	0.926315789473684
94	0.920421052631579
95	0.914526315789474
96	0.905684210526316
97	0.896842105263158
98	0.888
99	0.87621052631579
100	0.862947368421053
101	0.84821052631579
102	0.832
103	0.765684210526316
104	0.699368421052632
105	0.633052631578948
106	0.566736842105263
107	0.503368421052632
108	0.442947368421053
109	0.382526315789474
110	0.325052631578948
111	0.267578947368421
112	0.210105263157895
113	0.164842105263158
114	0.119578947368421
115	0.0772631578947371
116	0.0364210526315792
117	-0.0044210526315787
118	-0.042315789473684
119	-0.078736842105263
120	-0.113684210526316
121	-0.145684210526316
