Ind	Score
1	-0.628421052631579
2	-0.692105263157895
3	-0.760421052631579
4	-0.831263157894737
5	-0.798105263157895
6	-0.756947368421053
7	-0.714105263157895
8	-0.671263157894737
9	-0.627578947368421
10	-0.583894736842105
11	-0.479052631578947
12	-0.374210526315789
13	-0.269263157894737
14	-0.167263157894737
15	-0.0652631578947367
16	0.0358947368421053
17	0.124842105263158
18	0.0742105263157896
19	0.0235789473684212
20	-0.0270526315789471
21	-0.0768421052631576
22	-0.122
23	-0.164631578947368
24	-0.311263157894737
25	-0.465052631578947
26	-0.615894736842105
27	-0.764210526315789
28	-0.912526315789474
29	-1.06084210526316
30	-1.10284210526316
31	-1.14484210526316
32	-1.18694736842105
33	-1.22610526315789
34	-1.26526315789474
35	-1.30357894736842
36	-1.32968421052632
37	-1.21621052631579
38	-1.10273684210526
