Ind	Score
1	-0.136842105263158
2	-0.150526315789474
3	-0.106736842105263
4	-0.0585263157894737
5	-0.0103157894736842
6	0.0393684210526316
7	0.0890526315789474
8	0.138736842105263
9	0.188421052631579
10	0.235157894736842
11	0.295578947368421
12	0.356
13	0.416421052631579
14	0.476842105263158
15	0.537263157894737
16	0.597684210526316
17	0.658105263157895
18	0.718526315789474
19	0.778947368421053
20	0.839368421052632
21	0.89978947368421
22	0.902736842105263
23	0.902736842105263
24	0.902736842105263
25	0.901263157894737
26	0.89978947368421
27	0.89978947368421
28	0.899789473684211
29	0.90421052631579
30	0.908631578947369
31	0.913052631578947
32	0.917473684210526
33	0.921894736842105
34	0.926315789473684
35	0.930736842105263
36	0.93221052631579
37	0.933684210526316
38	0.935157894736842
39	0.936631578947368
40	0.938105263157894
41	0.939578947368421
42	0.939578947368421
43	0.939578947368421
44	0.939578947368421
45	0.939578947368421
46	0.938105263157895
47	0.936631578947368
48	0.935157894736842
49	0.933684210526316
50	0.930736842105263
51	0.927789473684211
52	0.924842105263158
53	0.921894736842105
54	0.918947368421053
55	0.921894736842105
56	0.924842105263158
57	0.92778947368421
58	0.930736842105263
59	0.933684210526316
60	0.936631578947368
61	0.939578947368421
62	0.942526315789474
63	0.942526315789474
64	0.942526315789474
65	0.942526315789474
66	0.941052631578947
67	0.938105263157895
68	0.935157894736842
69	0.933684210526316
70	0.932210526315789
71	0.930736842105263
72	0.929263157894737
73	0.927789473684211
74	0.923368421052632
75	0.918947368421053
76	0.914526315789474
77	0.910105263157895
78	0.905684210526316
79	0.898315789473684
80	0.890947368421052
81	0.882105263157895
82	0.879157894736842
83	0.876210526315789
84	0.873263157894737
85	0.873263157894737
86	0.873263157894737
87	0.867368421052631
88	0.86
89	0.852631578947368
90	0.845263157894737
91	0.837894736842105
92	0.824631578947368
93	0.811368421052631
94	0.793684210526316
95	0.736210526315789
96	0.678736842105263
97	0.621263157894737
98	0.569684210526316
99	0.518105263157895
100	0.469473684210526
101	0.417894736842105
102	0.366315789473684
103	0.314736842105263
104	0.261684210526316
105	0.214947368421053
106	0.174105263157895
107	0.134736842105263
108	0.0953684210526317
109	0.0560000000000001
110	0.0166315789473685
111	-0.0168421052631578
112	-0.0503157894736841
113	-0.0793684210526315
